2026-01-26 21:43:58,939-INFO-root-Execution started..
2026-01-26 21:44:44,980-INFO-root-Execution started..
2026-01-26 21:45:07,655-INFO-root-Execution started..
2026-01-26 21:45:52,767-INFO-root-Execution started..
2026-02-01 00:17:10,197-INFO-root-Execution started..
2026-02-01 00:17:11,518-INFO-root-Scraped data from page 1
2026-02-01 00:17:12,243-INFO-root-Scraped data from page 2
2026-02-01 00:17:13,804-INFO-root-Scraped data from page 3
2026-03-19 14:36:35,524-INFO-root-Execution started..
2026-03-19 14:38:11,091-INFO-root-Execution started..
2026-03-19 14:40:02,951-INFO-root-Execution started..
2026-03-19 14:40:04,555-INFO-root-Scraped data from page 1
2026-03-19 14:40:06,050-INFO-root-Scraped data from page 2
2026-03-19 14:40:07,170-INFO-root-Scraped data from page 3
2026-03-19 14:40:48,480-INFO-root-Execution started..
2026-03-19 14:40:49,748-INFO-root-Scraped data from page 1
2026-03-19 14:40:50,878-INFO-root-Scraped data from page 2
2026-03-19 14:40:52,017-INFO-root-Scraped data from page 3
2026-03-20 17:18:37,518-INFO-root-Execution started..
2026-03-20 17:18:38,115-INFO-root-Scraped data from page 1
2026-03-20 17:20:28,833-INFO-root-Execution started..
2026-03-20 17:20:29,409-INFO-root-Scraped data from page 1
2026-03-20 17:21:25,630-INFO-root-Execution started..
2026-03-20 17:21:26,242-INFO-root-Scraped data from page 1
2026-03-20 17:21:26,702-INFO-root-Scraped data from page 2
2026-03-20 17:21:27,178-INFO-root-Scraped data from page 3
2026-03-20 17:31:02,510-INFO-root-Execution started..
2026-03-20 17:31:03,228-INFO-root-Scraped data from page 1
2026-03-20 17:31:03,757-INFO-root-Scraped data from page 2
2026-03-20 17:31:04,277-INFO-root-Scraped data from page 3
2026-03-20 17:31:04,715-INFO-root-Scraped data from page 4
2026-03-20 17:31:05,183-INFO-root-Scraped data from page 5
2026-03-20 18:37:47,336-INFO-root-Execution started..
2026-03-20 19:34:31,240-INFO-root-Execution started..
2026-03-20 19:35:13,307-INFO-root-Execution started..
2026-03-20 19:35:22,579-INFO-root-Execution started..
2026-03-20 19:40:31,980-INFO-root-Execution started..
2026-03-20 20:15:15,904-INFO-root-Execution started..
2026-03-20 20:15:48,286-INFO-root-Execution started..
2026-03-20 20:19:14,183-INFO-root-Execution started..
2026-03-20 20:27:31,189-INFO-root-Execution started..
2026-03-20 20:39:52,659-INFO-root-Execution started..
2026-03-20 20:40:34,881-INFO-root-Execution started..
2026-03-20 21:17:25,821-INFO-root-Execution started..
2026-03-20 21:17:33,086-ERROR-root-error while scraping..
2026-03-20 21:17:33,088-ERROR-root-error while scraping..
2026-03-20 21:17:33,089-ERROR-root-error while scraping..
2026-03-20 21:17:33,090-ERROR-root-error while scraping..
2026-03-20 21:17:33,091-ERROR-root-error while scraping..
2026-03-20 21:20:50,609-INFO-root-Execution started..
2026-03-20 21:20:52,352-ERROR-root-error while scraping..
2026-03-20 21:20:52,353-ERROR-root-error while scraping..
2026-03-20 21:20:52,355-ERROR-root-error while scraping..
2026-03-20 21:20:52,357-ERROR-root-error while scraping..
2026-03-20 21:20:52,358-ERROR-root-error while scraping..
2026-03-20 21:40:02,677-INFO-root-Execution started..
2026-03-20 21:40:04,057-ERROR-root-error while scraping..
2026-03-20 21:40:04,065-ERROR-root-error while scraping..
2026-03-20 21:40:04,073-ERROR-root-error while scraping..
2026-03-20 21:40:04,079-ERROR-root-error while scraping..
2026-03-20 21:40:04,086-ERROR-root-error while scraping..
2026-03-20 21:40:04,092-ERROR-root-error while scraping..
2026-03-20 21:40:04,099-ERROR-root-error while scraping..
2026-03-20 21:40:04,107-ERROR-root-error while scraping..
2026-03-20 21:40:04,113-ERROR-root-error while scraping..
2026-03-20 21:40:04,119-ERROR-root-error while scraping..
2026-03-20 21:44:01,101-INFO-root-Execution started..
2026-03-20 21:44:01,110-ERROR-root-error while scraping..
2026-03-20 21:44:01,116-ERROR-root-error while scraping..
2026-03-20 21:44:01,121-ERROR-root-error while scraping..
2026-03-20 21:44:01,128-ERROR-root-error while scraping..
2026-03-20 21:44:01,134-ERROR-root-error while scraping..
2026-03-20 21:44:01,144-ERROR-root-error while scraping..
2026-03-20 21:44:01,150-ERROR-root-error while scraping..
2026-03-20 21:44:01,156-ERROR-root-error while scraping..
2026-03-20 21:44:01,164-ERROR-root-error while scraping..
2026-03-20 21:44:01,171-ERROR-root-error while scraping..
2026-03-20 21:47:26,996-INFO-root-Execution started..
2026-03-20 21:47:30,462-ERROR-root-error while scraping..
2026-03-20 21:47:30,463-ERROR-root-error while scraping..
2026-03-20 21:47:30,464-ERROR-root-error while scraping..
2026-03-20 21:47:30,465-ERROR-root-error while scraping..
2026-03-20 21:47:30,466-ERROR-root-error while scraping..
2026-03-20 21:47:30,467-ERROR-root-error while scraping..
2026-03-20 21:47:30,468-ERROR-root-error while scraping..
2026-03-20 21:47:30,469-ERROR-root-error while scraping..
2026-03-20 21:47:30,470-ERROR-root-error while scraping..
2026-03-20 21:47:30,471-ERROR-root-error while scraping..
2026-03-20 21:50:42,416-INFO-root-Execution started..
2026-03-20 21:52:15,366-INFO-root-Execution started..
2026-03-20 21:53:20,956-INFO-root-Execution started..
2026-03-20 21:54:29,133-INFO-root-Execution started..
2026-03-20 21:54:51,473-INFO-root-Execution started..
2026-03-20 23:01:59,883-INFO-root-Execution started..
2026-03-20 23:02:25,013-INFO-root-Execution started..
2026-03-20 23:11:02,564-ERROR-root-error while scraping..
2026-03-20 23:11:02,568-ERROR-root-error while scraping..
2026-03-20 23:11:02,574-ERROR-root-error while scraping..
2026-03-20 23:11:02,578-ERROR-root-error while scraping..
2026-03-20 23:11:02,583-ERROR-root-error while scraping..
2026-03-20 23:11:02,589-ERROR-root-error while scraping..
2026-03-20 23:11:02,594-ERROR-root-error while scraping..
2026-03-20 23:11:02,599-ERROR-root-error while scraping..
2026-03-20 23:11:02,607-ERROR-root-error while scraping..
2026-03-20 23:11:02,613-ERROR-root-error while scraping..
2026-03-20 23:11:02,616-INFO-root-Data scraped..
2026-03-24 18:24:16,535-INFO-root-Execution started..
2026-03-24 23:15:46,856-INFO-root-Execution started..
2026-03-25 00:37:36,441-INFO-root-Execution started..
2026-03-25 00:38:13,379-INFO-root-Execution started..
2026-03-25 00:38:39,224-INFO-root-Execution started..
2026-03-25 00:38:40,779-INFO-root-Scraped data from page 10
2026-03-25 00:40:04,860-INFO-root-Execution started..
2026-03-25 00:40:07,344-INFO-root-Scraped data from page 1
2026-03-25 00:40:07,890-INFO-root-Scraped data from page 2
2026-03-25 00:40:08,419-INFO-root-Scraped data from page 3
2026-03-25 00:40:09,285-INFO-root-Scraped data from page 4
2026-03-25 00:40:09,875-INFO-root-Scraped data from page 5
2026-03-25 00:40:10,339-INFO-root-Scraped data from page 6
2026-03-25 00:40:11,792-INFO-root-Scraped data from page 7
2026-03-25 00:40:12,104-INFO-root-Scraped data from page 8
2026-03-25 00:40:12,481-INFO-root-Scraped data from page 9
2026-03-25 00:40:13,823-INFO-root-Scraped data from page 10
2026-03-25 23:08:43,957-INFO-root-Execution started..
2026-03-25 23:08:44,881-INFO-root-Scraped data from page 1
2026-03-25 23:08:45,568-INFO-root-Scraped data from page 2
2026-03-25 23:08:46,337-INFO-root-Scraped data from page 3
2026-03-25 23:08:46,998-INFO-root-Scraped data from page 4
2026-03-25 23:08:47,573-INFO-root-Scraped data from page 5
2026-03-25 23:08:48,053-INFO-root-Scraped data from page 6
2026-03-25 23:08:48,528-INFO-root-Scraped data from page 7
2026-03-25 23:08:48,862-INFO-root-Scraped data from page 8
2026-03-25 23:08:49,197-INFO-root-Scraped data from page 9
2026-03-25 23:08:49,545-INFO-root-Scraped data from page 10
2026-04-02 00:21:24,409-INFO-root-Execution started..
2026-04-02 00:21:25,883-INFO-root-Scraped data from page 1
2026-04-02 00:21:27,004-INFO-root-Scraped data from page 2
2026-04-02 00:21:28,315-INFO-root-Scraped data from page 3
2026-04-02 00:21:29,868-INFO-root-Scraped data from page 4
2026-04-02 00:21:31,451-INFO-root-Scraped data from page 5
2026-04-02 00:21:32,486-INFO-root-Scraped data from page 6
2026-04-02 00:21:33,437-INFO-root-Scraped data from page 7
2026-04-02 00:21:34,559-INFO-root-Scraped data from page 8
2026-04-02 00:21:35,735-INFO-root-Scraped data from page 9
2026-04-02 00:21:36,865-INFO-root-Scraped data from page 10
2026-04-03 01:37:16,608-INFO-root-Execution started..
2026-04-03 01:37:17,495-INFO-root-Scraped data from page 1
2026-04-03 01:37:17,498-ERROR-root-error while scraping..
2026-04-03 01:37:18,142-INFO-root-Scraped data from page 2
2026-04-03 01:37:18,142-ERROR-root-error while scraping..
2026-04-03 01:37:18,896-INFO-root-Scraped data from page 3
2026-04-03 01:37:18,896-ERROR-root-error while scraping..
2026-04-03 01:37:19,561-INFO-root-Scraped data from page 4
2026-04-03 01:37:19,562-ERROR-root-error while scraping..
2026-04-03 01:37:20,223-INFO-root-Scraped data from page 5
2026-04-03 01:37:20,224-ERROR-root-error while scraping..
2026-04-03 01:37:20,754-INFO-root-Scraped data from page 6
2026-04-03 01:37:20,754-ERROR-root-error while scraping..
2026-04-03 01:37:21,370-INFO-root-Scraped data from page 7
2026-04-03 01:37:21,868-INFO-root-Scraped data from page 8
2026-04-03 01:37:22,438-INFO-root-Scraped data from page 9
2026-04-03 01:37:22,851-INFO-root-Scraped data from page 10
2026-04-03 01:40:22,883-INFO-root-Execution started..
2026-04-03 01:40:23,658-INFO-root-Scraped data from page 1
2026-04-03 01:40:23,658-ERROR-root-error while scraping..
2026-04-03 01:40:24,269-INFO-root-Scraped data from page 2
2026-04-03 01:40:24,269-ERROR-root-error while scraping..
2026-04-03 01:40:24,934-INFO-root-Scraped data from page 3
2026-04-03 01:40:24,935-ERROR-root-error while scraping..
2026-04-03 01:40:25,533-INFO-root-Scraped data from page 4
2026-04-03 01:40:25,534-ERROR-root-error while scraping..
2026-04-03 01:40:26,163-INFO-root-Scraped data from page 5
2026-04-03 01:40:26,163-ERROR-root-error while scraping..
2026-04-03 01:40:26,622-INFO-root-Scraped data from page 6
2026-04-03 01:40:26,623-ERROR-root-error while scraping..
2026-04-03 01:40:27,100-INFO-root-Scraped data from page 7
2026-04-03 01:40:27,597-INFO-root-Scraped data from page 8
2026-04-03 01:40:28,106-INFO-root-Scraped data from page 9
2026-04-03 01:40:28,628-INFO-root-Scraped data from page 10
2026-04-03 01:46:16,738-INFO-root-Execution started..
2026-04-03 01:46:18,126-INFO-root-Scraped data from page 1
2026-04-03 01:46:18,130-ERROR-root-table jobs has no column named datePosted
2026-04-03 01:46:19,227-INFO-root-Scraped data from page 2
2026-04-03 01:46:19,228-ERROR-root-table jobs has no column named datePosted
2026-04-03 01:46:20,388-INFO-root-Scraped data from page 3
2026-04-03 01:46:20,390-ERROR-root-table jobs has no column named datePosted
2026-04-03 01:46:21,493-INFO-root-Scraped data from page 4
2026-04-03 01:46:21,495-ERROR-root-table jobs has no column named datePosted
2026-04-03 01:46:22,812-INFO-root-Scraped data from page 5
2026-04-03 01:46:22,814-ERROR-root-table jobs has no column named datePosted
2026-04-03 01:46:23,502-INFO-root-Scraped data from page 6
2026-04-03 01:46:23,503-ERROR-root-table jobs has no column named datePosted
2026-04-03 01:46:24,384-INFO-root-Scraped data from page 7
2026-04-03 01:46:24,963-INFO-root-Scraped data from page 8
2026-04-03 01:46:25,581-INFO-root-Scraped data from page 9
2026-04-03 01:46:26,178-INFO-root-Scraped data from page 10
2026-04-03 01:49:44,157-INFO-root-Execution started..
2026-04-03 01:49:45,736-INFO-root-Scraped data from page 1
2026-04-03 01:49:46,916-INFO-root-Scraped data from page 2
2026-04-03 01:49:48,005-INFO-root-Scraped data from page 3
2026-04-03 01:49:49,134-INFO-root-Scraped data from page 4
2026-04-03 01:49:50,203-INFO-root-Scraped data from page 5
2026-04-03 01:49:50,905-INFO-root-Scraped data from page 6
2026-04-03 01:49:51,690-INFO-root-Scraped data from page 7
2026-04-03 01:49:52,247-INFO-root-Scraped data from page 8
2026-04-03 01:49:52,803-INFO-root-Scraped data from page 9
2026-04-03 01:49:53,349-INFO-root-Scraped data from page 10
2026-04-03 01:56:30,947-INFO-root-Execution started..
2026-04-03 01:56:32,590-INFO-root-Scraped data from page 1
2026-04-03 01:56:33,776-INFO-root-Scraped data from page 2
2026-04-03 01:56:34,984-INFO-root-Scraped data from page 3
2026-04-03 01:56:36,036-INFO-root-Scraped data from page 4
2026-04-03 01:56:37,181-INFO-root-Scraped data from page 5
2026-04-03 01:56:37,916-INFO-root-Scraped data from page 6
2026-04-03 01:56:38,763-INFO-root-Scraped data from page 7
2026-04-03 01:56:39,385-INFO-root-Scraped data from page 8
2026-04-03 01:56:40,071-INFO-root-Scraped data from page 9
2026-04-03 01:56:40,736-INFO-root-Scraped data from page 10
2026-04-03 11:08:08,157-INFO-root-Execution started..
2026-04-03 11:08:09,011-INFO-root-Scraped data from page 1
2026-04-03 11:08:09,607-INFO-root-Scraped data from page 2
2026-04-03 11:08:10,254-INFO-root-Scraped data from page 3
2026-04-03 11:08:10,875-INFO-root-Scraped data from page 4
2026-04-03 11:08:11,530-INFO-root-Scraped data from page 5
2026-04-03 11:08:12,017-INFO-root-Scraped data from page 6
2026-04-03 11:08:12,515-INFO-root-Scraped data from page 7
2026-04-03 11:08:12,906-INFO-root-Scraped data from page 8
2026-04-03 11:08:13,339-INFO-root-Scraped data from page 9
2026-04-03 11:08:13,736-INFO-root-Scraped data from page 10
2026-04-03 11:08:14,126-INFO-root-Scraped data from page 11
2026-04-03 11:08:14,507-INFO-root-Scraped data from page 12
2026-04-03 11:08:14,902-INFO-root-Scraped data from page 13
2026-04-03 11:08:15,326-INFO-root-Scraped data from page 14
2026-04-03 11:08:15,710-INFO-root-Scraped data from page 15
2026-04-03 11:08:16,099-INFO-root-Scraped data from page 16
2026-04-03 11:08:16,500-INFO-root-Scraped data from page 17
2026-04-03 11:08:16,920-INFO-root-Scraped data from page 18
2026-04-03 11:08:17,323-INFO-root-Scraped data from page 19
2026-04-03 11:08:17,699-INFO-root-Scraped data from page 20
2026-04-03 16:18:55,474-INFO-root-Execution started..
2026-04-03 16:18:56,226-INFO-root-Scraped data from page 1
2026-04-03 16:18:56,229-ERROR-root-'int' object is not callable
2026-04-03 16:18:57,412-INFO-root-Scraped data from page 2
2026-04-03 16:18:57,414-ERROR-root-'int' object is not callable
2026-04-03 16:18:58,582-INFO-root-Scraped data from page 3
2026-04-03 16:19:00,342-INFO-root-Scraped data from page 4
2026-04-03 16:19:00,923-INFO-root-Scraped data from page 5
2026-04-03 16:19:00,926-ERROR-root-'int' object is not callable
2026-04-03 16:19:01,729-INFO-root-Scraped data from page 6
2026-04-03 16:19:01,731-ERROR-root-'int' object is not callable
2026-04-03 16:19:02,190-INFO-root-Scraped data from page 7
2026-04-03 16:19:02,532-INFO-root-Scraped data from page 8
2026-04-03 16:19:02,839-INFO-root-Scraped data from page 9
2026-04-03 16:19:03,189-INFO-root-Scraped data from page 10
2026-04-03 16:19:03,488-INFO-root-Scraped data from page 11
2026-04-03 16:19:03,888-INFO-root-Scraped data from page 12
2026-04-03 16:19:04,210-INFO-root-Scraped data from page 13
2026-04-03 16:19:04,528-INFO-root-Scraped data from page 14
2026-04-03 16:19:04,881-INFO-root-Scraped data from page 15
2026-04-03 16:19:05,208-INFO-root-Scraped data from page 16
2026-04-03 16:19:05,552-INFO-root-Scraped data from page 17
2026-04-03 16:19:05,893-INFO-root-Scraped data from page 18
2026-04-03 16:19:06,209-INFO-root-Scraped data from page 19
2026-04-03 16:19:06,554-INFO-root-Scraped data from page 20
2026-04-04 20:09:55,059-INFO-root-Execution started..
2026-04-04 20:09:57,078-INFO-root-Scraped data from page 1
2026-04-04 20:09:57,085-ERROR-root-'int' object is not callable
2026-04-04 20:09:58,696-INFO-root-Scraped data from page 2
2026-04-04 20:09:58,698-ERROR-root-'int' object is not callable
2026-04-04 20:10:00,107-INFO-root-Scraped data from page 3
2026-04-04 20:10:01,304-INFO-root-Scraped data from page 4
2026-04-04 20:10:02,472-INFO-root-Scraped data from page 5
2026-04-04 20:10:02,475-ERROR-root-'int' object is not callable
2026-04-04 20:10:04,969-INFO-root-Scraped data from page 6
2026-04-04 20:10:04,971-ERROR-root-'int' object is not callable
2026-04-04 20:10:06,258-INFO-root-Scraped data from page 7
2026-04-04 20:10:07,176-INFO-root-Scraped data from page 8
2026-04-04 20:10:08,275-INFO-root-Scraped data from page 9
2026-04-04 20:10:09,382-INFO-root-Scraped data from page 10
2026-04-04 20:10:10,359-INFO-root-Scraped data from page 11
2026-04-04 20:10:11,666-INFO-root-Scraped data from page 12
2026-04-04 20:10:12,567-INFO-root-Scraped data from page 13
2026-04-04 20:10:13,484-INFO-root-Scraped data from page 14
2026-04-04 20:10:14,424-INFO-root-Scraped data from page 15
2026-04-04 20:10:15,404-INFO-root-Scraped data from page 16
2026-04-04 20:10:16,583-INFO-root-Scraped data from page 17
2026-04-04 20:10:17,502-INFO-root-Scraped data from page 18
2026-04-04 20:10:18,601-INFO-root-Scraped data from page 19
2026-04-04 20:10:19,504-INFO-root-Scraped data from page 20
2026-04-12 01:17:45,884-INFO-root-Execution started..
2026-04-12 01:17:46,701-INFO-root-Scraped data from page 1
2026-04-12 01:17:46,702-ERROR-root-'int' object is not callable
2026-04-12 01:17:47,319-INFO-root-Scraped data from page 2
2026-04-12 01:17:47,320-ERROR-root-'int' object is not callable
2026-04-12 01:17:47,970-INFO-root-Scraped data from page 3
2026-04-12 01:17:47,973-ERROR-root-'int' object is not callable
2026-04-12 01:17:48,656-INFO-root-Scraped data from page 4
2026-04-12 01:17:48,657-ERROR-root-'int' object is not callable
2026-04-12 01:17:49,224-INFO-root-Scraped data from page 5
2026-04-12 01:17:49,225-ERROR-root-'int' object is not callable
2026-04-12 01:17:49,603-INFO-root-Scraped data from page 6
2026-04-12 01:17:49,618-ERROR-root-'int' object is not callable
2026-04-12 01:17:50,003-INFO-root-Scraped data from page 7
2026-04-12 01:17:50,459-INFO-root-Scraped data from page 8
2026-04-12 01:17:50,834-INFO-root-Scraped data from page 9
2026-04-12 01:17:51,213-INFO-root-Scraped data from page 10
2026-04-12 01:17:51,611-INFO-root-Scraped data from page 11
2026-04-12 01:17:51,979-INFO-root-Scraped data from page 12
2026-04-12 01:17:52,340-INFO-root-Scraped data from page 13
2026-04-12 01:17:52,720-INFO-root-Scraped data from page 14
2026-04-12 01:17:53,082-INFO-root-Scraped data from page 15
2026-04-12 01:17:53,474-INFO-root-Scraped data from page 16
2026-04-12 01:17:53,858-INFO-root-Scraped data from page 17
2026-04-12 01:17:54,250-INFO-root-Scraped data from page 18
2026-04-12 01:17:54,637-INFO-root-Scraped data from page 19
2026-04-12 01:17:55,042-INFO-root-Scraped data from page 20
2026-04-12 01:51:54,210-INFO-root-Execution started..
2026-04-12 01:51:55,021-INFO-root-Scraped data from page 1
2026-04-12 01:51:55,027-ERROR-root-'NoneType' object is not subscriptable
2026-04-12 01:51:55,648-INFO-root-Scraped data from page 2
2026-04-12 01:51:55,649-ERROR-root-'NoneType' object is not subscriptable
2026-04-12 01:51:56,265-INFO-root-Scraped data from page 3
2026-04-12 01:51:56,267-ERROR-root-'NoneType' object is not subscriptable
2026-04-12 01:51:56,833-INFO-root-Scraped data from page 4
2026-04-12 01:51:57,455-INFO-root-Scraped data from page 5
2026-04-12 01:51:57,457-ERROR-root-'NoneType' object is not subscriptable
2026-04-12 01:51:57,860-INFO-root-Scraped data from page 6
2026-04-12 01:51:58,314-INFO-root-Scraped data from page 7
2026-04-12 01:51:58,822-INFO-root-Scraped data from page 8
2026-04-12 01:51:59,316-INFO-root-Scraped data from page 9
2026-04-12 01:51:59,721-INFO-root-Scraped data from page 10
2026-04-12 01:52:00,100-INFO-root-Scraped data from page 11
2026-04-12 01:52:00,561-INFO-root-Scraped data from page 12
2026-04-12 01:52:01,050-INFO-root-Scraped data from page 13
2026-04-12 01:52:01,454-INFO-root-Scraped data from page 14
2026-04-12 01:52:02,893-INFO-root-Scraped data from page 15
2026-04-12 01:52:03,501-INFO-root-Scraped data from page 16
2026-04-12 01:52:03,921-INFO-root-Scraped data from page 17
2026-04-12 01:52:04,664-INFO-root-Scraped data from page 18
2026-04-12 01:52:05,300-INFO-root-Scraped data from page 19
2026-04-12 01:52:05,738-INFO-root-Scraped data from page 20
2026-04-12 02:05:12,899-INFO-root-Execution started..
2026-04-12 02:05:13,857-INFO-root-Scraped data from page 1
2026-04-12 02:05:13,859-ERROR-root-'NoneType' object is not subscriptable
2026-04-12 02:05:14,523-INFO-root-Scraped data from page 2
2026-04-12 02:05:14,525-ERROR-root-'NoneType' object is not subscriptable
2026-04-12 02:05:15,135-INFO-root-Scraped data from page 3
2026-04-12 02:05:15,136-ERROR-root-'NoneType' object is not subscriptable
2026-04-12 02:05:15,801-INFO-root-Scraped data from page 4
2026-04-12 02:05:16,437-INFO-root-Scraped data from page 5
2026-04-12 02:05:16,439-ERROR-root-'NoneType' object is not subscriptable
2026-04-12 02:05:16,797-INFO-root-Scraped data from page 6
2026-04-12 02:05:17,205-INFO-root-Scraped data from page 7
2026-04-12 02:05:17,701-INFO-root-Scraped data from page 8
2026-04-12 02:05:18,142-INFO-root-Scraped data from page 9
2026-04-12 02:05:18,563-INFO-root-Scraped data from page 10
2026-04-12 02:05:18,974-INFO-root-Scraped data from page 11
2026-04-12 02:05:19,350-INFO-root-Scraped data from page 12
2026-04-12 02:05:19,724-INFO-root-Scraped data from page 13
2026-04-12 02:05:20,113-INFO-root-Scraped data from page 14
2026-04-12 02:05:20,473-INFO-root-Scraped data from page 15
2026-04-12 02:05:20,861-INFO-root-Scraped data from page 16
2026-04-12 02:05:21,244-INFO-root-Scraped data from page 17
2026-04-12 02:05:21,627-INFO-root-Scraped data from page 18
2026-04-12 02:05:22,130-INFO-root-Scraped data from page 19
2026-04-12 02:05:22,605-INFO-root-Scraped data from page 20
2026-04-12 02:14:07,020-INFO-root-Execution started..
2026-04-12 02:14:07,948-INFO-root-Scraped data from page 1
2026-04-12 02:14:08,569-INFO-root-Scraped data from page 2
2026-04-12 02:14:09,260-INFO-root-Scraped data from page 3
2026-04-12 02:14:09,909-INFO-root-Scraped data from page 4
2026-04-12 02:14:10,482-INFO-root-Scraped data from page 5
2026-04-12 02:14:10,900-INFO-root-Scraped data from page 6
2026-04-12 02:14:11,280-INFO-root-Scraped data from page 7
2026-04-12 02:14:11,791-INFO-root-Scraped data from page 8
2026-04-12 02:14:12,189-INFO-root-Scraped data from page 9
2026-04-12 02:14:12,616-INFO-root-Scraped data from page 10
2026-04-12 02:14:13,138-INFO-root-Scraped data from page 11
2026-04-12 02:14:13,529-INFO-root-Scraped data from page 12
2026-04-12 02:14:13,930-INFO-root-Scraped data from page 13
2026-04-12 02:14:14,296-INFO-root-Scraped data from page 14
2026-04-12 02:14:14,688-INFO-root-Scraped data from page 15
2026-04-12 02:14:15,038-INFO-root-Scraped data from page 16
2026-04-12 02:14:15,417-INFO-root-Scraped data from page 17
2026-04-12 02:14:15,808-INFO-root-Scraped data from page 18
2026-04-12 02:14:16,238-INFO-root-Scraped data from page 19
2026-04-12 02:14:16,638-INFO-root-Scraped data from page 20
2026-04-12 23:17:08,021-INFO-root-Execution started..
2026-04-12 23:17:08,759-INFO-root-Scraped data from page 1
2026-04-12 23:17:09,329-INFO-root-Scraped data from page 2
2026-04-12 23:17:09,948-INFO-root-Scraped data from page 3
2026-04-12 23:17:10,511-INFO-root-Scraped data from page 4
2026-04-12 23:17:10,533-ERROR-root-UNIQUE constraint failed: jobSnapshot.job_id, jobSnapshot.scraped_date
2026-04-12 23:17:11,206-INFO-root-Scraped data from page 5
2026-04-12 23:17:11,738-INFO-root-Scraped data from page 6
2026-04-12 23:17:12,180-INFO-root-Scraped data from page 7
2026-04-12 23:17:12,564-INFO-root-Scraped data from page 8
2026-04-12 23:17:12,927-INFO-root-Scraped data from page 9
2026-04-12 23:17:13,241-INFO-root-Scraped data from page 10
2026-04-12 23:17:13,557-INFO-root-Scraped data from page 11
2026-04-12 23:17:13,914-INFO-root-Scraped data from page 12
2026-04-12 23:17:14,352-INFO-root-Scraped data from page 13
2026-04-12 23:17:14,664-INFO-root-Scraped data from page 14
2026-04-12 23:17:15,018-INFO-root-Scraped data from page 15
2026-04-12 23:17:15,424-INFO-root-Scraped data from page 16
2026-04-12 23:17:15,978-INFO-root-Scraped data from page 17
2026-04-12 23:17:16,286-INFO-root-Scraped data from page 18
2026-04-12 23:17:16,589-INFO-root-Scraped data from page 19
2026-04-12 23:17:16,901-INFO-root-Scraped data from page 20
2026-04-14 22:47:02,424-INFO-root-Execution started..
2026-04-14 22:47:03,181-INFO-root-Scraped data from page 1
2026-04-14 22:47:03,834-INFO-root-Scraped data from page 2
2026-04-14 22:47:04,443-INFO-root-Scraped data from page 3
2026-04-14 22:47:05,109-INFO-root-Scraped data from page 4
2026-04-14 22:47:05,716-INFO-root-Scraped data from page 5
2026-04-14 22:47:06,156-INFO-root-Scraped data from page 6
2026-04-14 22:47:06,602-INFO-root-Scraped data from page 7
2026-04-14 22:47:06,971-INFO-root-Scraped data from page 8
2026-04-14 22:47:07,339-INFO-root-Scraped data from page 9
2026-04-14 22:47:07,755-INFO-root-Scraped data from page 10
2026-04-14 22:47:08,140-INFO-root-Scraped data from page 11
2026-04-14 22:47:08,474-INFO-root-Scraped data from page 12
2026-04-14 22:47:08,825-INFO-root-Scraped data from page 13
2026-04-14 22:47:09,207-INFO-root-Scraped data from page 14
2026-04-14 22:47:09,573-INFO-root-Scraped data from page 15
2026-04-14 22:47:09,955-INFO-root-Scraped data from page 16
2026-04-14 22:47:10,303-INFO-root-Scraped data from page 17
2026-04-14 22:47:10,660-INFO-root-Scraped data from page 18
2026-04-14 22:47:11,004-INFO-root-Scraped data from page 19
2026-04-14 22:47:11,350-INFO-root-Scraped data from page 20
2026-04-14 23:30:55,091-INFO-root-Execution started..
2026-04-14 23:30:55,742-INFO-root-Scraped data from page 1
2026-04-14 23:30:55,746-ERROR-root-UNIQUE constraint failed: jobSnapshot.job_id, jobSnapshot.scraped_date
2026-04-14 23:30:56,421-INFO-root-Scraped data from page 2
2026-04-14 23:30:56,425-ERROR-root-UNIQUE constraint failed: jobSnapshot.job_id, jobSnapshot.scraped_date
2026-04-14 23:30:57,054-INFO-root-Scraped data from page 3
2026-04-14 23:30:57,641-INFO-root-Scraped data from page 4
2026-04-14 23:30:58,166-INFO-root-Scraped data from page 5
2026-04-14 23:30:58,169-ERROR-root-'NoneType' object is not subscriptable
2026-04-14 23:30:58,575-INFO-root-Scraped data from page 6
2026-04-14 23:30:58,578-ERROR-root-'NoneType' object is not subscriptable
2026-04-14 23:30:58,985-INFO-root-Scraped data from page 7
2026-04-14 23:30:59,328-INFO-root-Scraped data from page 8
2026-04-14 23:30:59,661-INFO-root-Scraped data from page 9
2026-04-14 23:31:00,014-INFO-root-Scraped data from page 10
2026-04-14 23:31:00,446-INFO-root-Scraped data from page 11
2026-04-14 23:31:00,807-INFO-root-Scraped data from page 12
2026-04-14 23:31:01,136-INFO-root-Scraped data from page 13
2026-04-14 23:31:01,471-INFO-root-Scraped data from page 14
2026-04-14 23:31:01,814-INFO-root-Scraped data from page 15
2026-04-14 23:31:02,173-INFO-root-Scraped data from page 16
2026-04-14 23:31:02,521-INFO-root-Scraped data from page 17
2026-04-14 23:31:02,859-INFO-root-Scraped data from page 18
2026-04-14 23:31:03,217-INFO-root-Scraped data from page 19
2026-04-14 23:31:03,573-INFO-root-Scraped data from page 20
2026-04-14 23:32:27,466-INFO-root-Execution started..
2026-04-14 23:32:28,201-INFO-root-Scraped data from page 1
2026-04-14 23:32:28,203-ERROR-root-UNIQUE constraint failed: jobSnapshot.job_id, jobSnapshot.scraped_date
2026-04-14 23:32:28,744-INFO-root-Scraped data from page 2
2026-04-14 23:32:28,748-ERROR-root-UNIQUE constraint failed: jobSnapshot.job_id, jobSnapshot.scraped_date
2026-04-14 23:32:29,351-INFO-root-Scraped data from page 3
2026-04-14 23:32:29,353-ERROR-root-UNIQUE constraint failed: jobSnapshot.job_id, jobSnapshot.scraped_date
2026-04-14 23:32:29,879-INFO-root-Scraped data from page 4
2026-04-14 23:32:29,880-ERROR-root-UNIQUE constraint failed: jobSnapshot.job_id, jobSnapshot.scraped_date
2026-04-14 23:32:30,423-INFO-root-Scraped data from page 5
2026-04-14 23:32:30,426-ERROR-root-'NoneType' object is not subscriptable
2026-04-14 23:32:30,857-INFO-root-Scraped data from page 6
2026-04-14 23:32:30,860-ERROR-root-'NoneType' object is not subscriptable
2026-04-14 23:32:31,341-INFO-root-Scraped data from page 7
2026-04-14 23:32:31,704-INFO-root-Scraped data from page 8
2026-04-14 23:32:32,058-INFO-root-Scraped data from page 9
2026-04-14 23:32:32,466-INFO-root-Scraped data from page 10
2026-04-14 23:32:32,799-INFO-root-Scraped data from page 11
2026-04-14 23:32:33,122-INFO-root-Scraped data from page 12
2026-04-14 23:32:33,457-INFO-root-Scraped data from page 13
2026-04-14 23:32:33,849-INFO-root-Scraped data from page 14
2026-04-14 23:32:34,300-INFO-root-Scraped data from page 15
2026-04-14 23:32:34,656-INFO-root-Scraped data from page 16
2026-04-14 23:32:35,008-INFO-root-Scraped data from page 17
2026-04-14 23:32:35,361-INFO-root-Scraped data from page 18
2026-04-14 23:32:35,731-INFO-root-Scraped data from page 19
2026-04-14 23:32:36,058-INFO-root-Scraped data from page 20
2026-04-14 23:38:58,497-INFO-root-Execution started..
2026-04-14 23:38:59,238-INFO-root-Scraped data from page 1
2026-04-14 23:38:59,274-ERROR-root-UNIQUE constraint failed: jobSnapshot.job_id, jobSnapshot.scraped_date
2026-04-14 23:38:59,862-INFO-root-Scraped data from page 2
2026-04-14 23:39:00,500-INFO-root-Scraped data from page 3
2026-04-14 23:39:00,522-ERROR-root-UNIQUE constraint failed: jobSnapshot.job_id, jobSnapshot.scraped_date
2026-04-14 23:39:01,090-INFO-root-Scraped data from page 4
2026-04-14 23:39:01,102-ERROR-root-UNIQUE constraint failed: jobSnapshot.job_id, jobSnapshot.scraped_date
2026-04-14 23:39:01,744-INFO-root-Scraped data from page 5
2026-04-14 23:39:01,745-ERROR-root-UNIQUE constraint failed: jobSnapshot.job_id, jobSnapshot.scraped_date
2026-04-14 23:39:02,434-INFO-root-Scraped data from page 6
2026-04-14 23:39:02,474-ERROR-root-UNIQUE constraint failed: jobSnapshot.job_id, jobSnapshot.scraped_date
2026-04-14 23:39:03,068-INFO-root-Scraped data from page 7
2026-04-14 23:39:03,069-ERROR-root-UNIQUE constraint failed: jobSnapshot.job_id, jobSnapshot.scraped_date
2026-04-14 23:39:03,659-INFO-root-Scraped data from page 8
2026-04-14 23:39:03,677-ERROR-root-UNIQUE constraint failed: jobSnapshot.job_id, jobSnapshot.scraped_date
2026-04-14 23:39:04,357-INFO-root-Scraped data from page 9
2026-04-14 23:39:04,380-ERROR-root-UNIQUE constraint failed: jobSnapshot.job_id, jobSnapshot.scraped_date
2026-04-14 23:39:05,072-INFO-root-Scraped data from page 10
2026-04-14 23:39:05,074-ERROR-root-UNIQUE constraint failed: jobSnapshot.job_id, jobSnapshot.scraped_date
2026-04-14 23:39:05,634-INFO-root-Scraped data from page 11
2026-04-14 23:39:05,637-ERROR-root-UNIQUE constraint failed: jobSnapshot.job_id, jobSnapshot.scraped_date
2026-04-14 23:39:06,194-INFO-root-Scraped data from page 12
2026-04-14 23:39:06,208-ERROR-root-UNIQUE constraint failed: jobSnapshot.job_id, jobSnapshot.scraped_date
2026-04-14 23:39:06,822-INFO-root-Scraped data from page 13
2026-04-14 23:39:06,838-ERROR-root-'NoneType' object is not subscriptable
2026-04-14 23:39:07,299-INFO-root-Scraped data from page 14
2026-04-14 23:39:07,337-ERROR-root-'NoneType' object is not subscriptable
2026-04-14 23:39:07,742-INFO-root-Scraped data from page 15
2026-04-14 23:39:08,099-INFO-root-Scraped data from page 16
2026-04-14 23:39:08,639-INFO-root-Scraped data from page 17
2026-04-14 23:39:08,995-INFO-root-Scraped data from page 18
2026-04-14 23:39:09,327-INFO-root-Scraped data from page 19
2026-04-14 23:39:09,640-INFO-root-Scraped data from page 20
2026-04-14 23:50:46,376-INFO-root-Execution started..
2026-04-14 23:50:47,014-INFO-root-Scraped data from page 1
2026-04-14 23:50:47,595-INFO-root-Scraped data from page 2
2026-04-14 23:50:47,596-ERROR-root-UNIQUE constraint failed: jobSnapshot.job_id, jobSnapshot.scraped_date
2026-04-14 23:50:48,175-INFO-root-Scraped data from page 3
2026-04-14 23:50:48,177-ERROR-root-UNIQUE constraint failed: jobSnapshot.job_id, jobSnapshot.scraped_date
2026-04-14 23:50:48,754-INFO-root-Scraped data from page 4
2026-04-14 23:50:49,482-INFO-root-Scraped data from page 5
2026-04-14 23:50:49,485-ERROR-root-UNIQUE constraint failed: jobSnapshot.job_id, jobSnapshot.scraped_date
2026-04-14 23:50:50,119-INFO-root-Scraped data from page 6
2026-04-14 23:50:50,121-ERROR-root-UNIQUE constraint failed: jobSnapshot.job_id, jobSnapshot.scraped_date
2026-04-14 23:50:50,674-INFO-root-Scraped data from page 7
2026-04-14 23:50:50,678-ERROR-root-UNIQUE constraint failed: jobSnapshot.job_id, jobSnapshot.scraped_date
2026-04-14 23:50:51,228-INFO-root-Scraped data from page 8
2026-04-14 23:50:51,232-ERROR-root-UNIQUE constraint failed: jobSnapshot.job_id, jobSnapshot.scraped_date
2026-04-14 23:50:51,768-INFO-root-Scraped data from page 9
2026-04-14 23:50:51,772-ERROR-root-UNIQUE constraint failed: jobSnapshot.job_id, jobSnapshot.scraped_date
2026-04-14 23:50:52,406-INFO-root-Scraped data from page 10
2026-04-14 23:50:52,410-ERROR-root-UNIQUE constraint failed: jobSnapshot.job_id, jobSnapshot.scraped_date
2026-04-14 23:50:53,026-INFO-root-Scraped data from page 11
2026-04-14 23:50:53,688-INFO-root-Scraped data from page 12
2026-04-14 23:50:54,309-INFO-root-Scraped data from page 13
2026-04-14 23:50:54,942-INFO-root-Scraped data from page 14
2026-04-14 23:50:55,598-INFO-root-Scraped data from page 15
2026-04-14 23:50:56,400-INFO-root-Scraped data from page 16
2026-04-14 23:50:57,033-INFO-root-Scraped data from page 17
2026-04-14 23:50:57,038-ERROR-root-UNIQUE constraint failed: jobSnapshot.job_id, jobSnapshot.scraped_date
2026-04-14 23:50:57,566-INFO-root-Scraped data from page 18
2026-04-14 23:50:57,571-ERROR-root-UNIQUE constraint failed: jobSnapshot.job_id, jobSnapshot.scraped_date
2026-04-14 23:50:58,110-INFO-root-Scraped data from page 19
2026-04-14 23:50:58,115-ERROR-root-'NoneType' object is not subscriptable
2026-04-14 23:50:58,650-INFO-root-Scraped data from page 20
2026-04-14 23:50:58,652-ERROR-root-'NoneType' object is not subscriptable
2026-04-17 20:31:46,407-INFO-root-Execution started..
2026-04-17 20:31:47,365-INFO-root-Scraped data from page 1
2026-04-17 20:31:47,370-ERROR-root-no such column: skill_id
2026-04-17 20:31:48,144-INFO-root-Scraped data from page 2
2026-04-17 20:31:48,153-ERROR-root-no such column: skill_id
2026-04-17 20:31:48,889-INFO-root-Scraped data from page 3
2026-04-17 20:31:48,900-ERROR-root-no such column: skill_id
2026-04-17 20:31:49,581-INFO-root-Scraped data from page 4
2026-04-17 20:31:49,584-ERROR-root-no such column: skill_id
2026-04-17 20:31:50,308-INFO-root-Scraped data from page 5
2026-04-17 20:31:50,311-ERROR-root-no such column: skill_id
2026-04-17 20:31:51,157-INFO-root-Scraped data from page 6
2026-04-17 20:31:51,159-ERROR-root-no such column: skill_id
2026-04-17 20:31:51,847-INFO-root-Scraped data from page 7
2026-04-17 20:31:51,849-ERROR-root-no such column: skill_id
2026-04-17 20:31:52,590-INFO-root-Scraped data from page 8
2026-04-17 20:31:52,593-ERROR-root-no such column: skill_id
2026-04-17 20:31:53,439-INFO-root-Scraped data from page 9
2026-04-17 20:31:53,441-ERROR-root-no such column: skill_id
2026-04-17 20:31:54,109-INFO-root-Scraped data from page 10
2026-04-17 20:31:54,111-ERROR-root-no such column: skill_id
2026-04-17 20:31:54,930-INFO-root-Scraped data from page 11
2026-04-17 20:31:55,641-INFO-root-Scraped data from page 12
2026-04-17 20:31:56,438-INFO-root-Scraped data from page 13
2026-04-17 20:31:57,741-INFO-root-Scraped data from page 14
2026-04-17 20:31:58,414-INFO-root-Scraped data from page 15
2026-04-17 20:31:58,416-ERROR-root-no such column: skill_id
2026-04-17 20:31:59,404-INFO-root-Scraped data from page 16
2026-04-17 20:31:59,406-ERROR-root-no such column: skill_id
2026-04-17 20:32:00,205-INFO-root-Scraped data from page 17
2026-04-17 20:32:00,207-ERROR-root-no such column: skill_id
2026-04-17 20:32:00,977-INFO-root-Scraped data from page 18
2026-04-17 20:32:00,979-ERROR-root-no such column: skill_id
2026-04-17 20:32:01,753-INFO-root-Scraped data from page 19
2026-04-17 20:32:01,756-ERROR-root-no such column: skill_id
2026-04-17 20:32:02,330-INFO-root-Scraped data from page 20
2026-04-17 20:32:02,333-ERROR-root-no such column: skill_id
2026-04-17 20:50:11,407-INFO-root-Execution started..
2026-04-17 20:50:12,410-INFO-root-Scraped data from page 1
2026-04-17 20:50:12,415-INFO-root-inserted the data into the tables..
2026-04-17 20:50:13,312-INFO-root-Scraped data from page 2
2026-04-17 20:50:13,318-INFO-root-inserted the data into the tables..
2026-04-17 20:50:14,221-INFO-root-Scraped data from page 3
2026-04-17 20:50:14,227-INFO-root-inserted the data into the tables..
2026-04-17 20:50:15,020-INFO-root-Scraped data from page 4
2026-04-17 20:50:15,025-INFO-root-inserted the data into the tables..
2026-04-17 20:50:15,738-INFO-root-Scraped data from page 5
2026-04-17 20:50:15,744-INFO-root-inserted the data into the tables..
2026-04-17 20:50:16,655-INFO-root-Scraped data from page 6
2026-04-17 20:50:16,661-INFO-root-inserted the data into the tables..
2026-04-17 20:50:17,344-INFO-root-Scraped data from page 7
2026-04-17 20:50:17,350-INFO-root-inserted the data into the tables..
2026-04-17 20:50:18,141-INFO-root-Scraped data from page 8
2026-04-17 20:50:18,147-INFO-root-inserted the data into the tables..
2026-04-17 20:50:18,887-INFO-root-Scraped data from page 9
2026-04-17 20:50:18,893-INFO-root-inserted the data into the tables..
2026-04-17 20:50:19,730-INFO-root-Scraped data from page 10
2026-04-17 20:50:19,736-INFO-root-inserted the data into the tables..
2026-04-17 20:50:20,405-INFO-root-Scraped data from page 11
2026-04-17 20:50:20,406-INFO-root-inserted the data into the tables..
2026-04-17 20:50:21,294-INFO-root-Scraped data from page 12
2026-04-17 20:50:21,294-INFO-root-inserted the data into the tables..
2026-04-17 20:50:21,963-INFO-root-Scraped data from page 13
2026-04-17 20:50:21,963-INFO-root-inserted the data into the tables..
2026-04-17 20:50:23,088-INFO-root-Scraped data from page 14
2026-04-17 20:50:23,088-INFO-root-inserted the data into the tables..
2026-04-17 20:50:23,946-INFO-root-Scraped data from page 15
2026-04-17 20:50:23,950-INFO-root-inserted the data into the tables..
2026-04-17 20:50:24,905-INFO-root-Scraped data from page 16
2026-04-17 20:50:24,909-INFO-root-inserted the data into the tables..
2026-04-17 20:50:25,660-INFO-root-Scraped data from page 17
2026-04-17 20:50:25,663-ERROR-root-'NoneType' object is not subscriptable
2026-04-17 20:50:25,663-INFO-root-inserted the data into the tables..
2026-04-17 20:50:26,467-INFO-root-Scraped data from page 18
2026-04-17 20:50:26,469-ERROR-root-'NoneType' object is not subscriptable
2026-04-17 20:50:26,470-INFO-root-inserted the data into the tables..
2026-04-17 20:50:27,270-INFO-root-Scraped data from page 19
2026-04-17 20:50:27,273-ERROR-root-'NoneType' object is not subscriptable
2026-04-17 20:50:27,273-INFO-root-inserted the data into the tables..
2026-04-17 20:50:27,819-INFO-root-Scraped data from page 20
2026-04-17 20:50:27,821-ERROR-root-'NoneType' object is not subscriptable
2026-04-17 20:50:27,821-INFO-root-inserted the data into the tables..
2026-04-20 01:01:03,348-INFO-root-Execution started..
2026-04-20 01:01:04,331-ERROR-root-name 'pd' is not defined
2026-04-20 01:01:04,332-INFO-root-Scraped data from page 1
2026-04-20 01:01:04,332-ERROR-root-'NoneType' object is not iterable
2026-04-20 01:01:04,332-INFO-root-inserted the data into the tables..
2026-04-20 01:01:05,113-ERROR-root-name 'pd' is not defined
2026-04-20 01:01:05,113-INFO-root-Scraped data from page 2
2026-04-20 01:01:05,113-ERROR-root-'NoneType' object is not iterable
2026-04-20 01:01:05,113-INFO-root-inserted the data into the tables..
2026-04-20 01:01:05,803-ERROR-root-name 'pd' is not defined
2026-04-20 01:01:05,803-INFO-root-Scraped data from page 3
2026-04-20 01:01:05,804-ERROR-root-'NoneType' object is not iterable
2026-04-20 01:01:05,804-INFO-root-inserted the data into the tables..
2026-04-20 01:01:06,496-ERROR-root-name 'pd' is not defined
2026-04-20 01:01:06,496-INFO-root-Scraped data from page 4
2026-04-20 01:01:06,496-ERROR-root-'NoneType' object is not iterable
2026-04-20 01:01:06,496-INFO-root-inserted the data into the tables..
2026-04-20 01:01:07,250-ERROR-root-name 'pd' is not defined
2026-04-20 01:01:07,251-INFO-root-Scraped data from page 5
2026-04-20 01:01:07,251-ERROR-root-'NoneType' object is not iterable
2026-04-20 01:01:07,253-INFO-root-inserted the data into the tables..
2026-04-20 01:01:07,989-ERROR-root-name 'pd' is not defined
2026-04-20 01:01:07,989-INFO-root-Scraped data from page 6
2026-04-20 01:01:07,989-ERROR-root-'NoneType' object is not iterable
2026-04-20 01:01:07,989-INFO-root-inserted the data into the tables..
2026-04-20 01:01:08,743-ERROR-root-name 'pd' is not defined
2026-04-20 01:01:08,743-INFO-root-Scraped data from page 7
2026-04-20 01:01:08,743-ERROR-root-'NoneType' object is not iterable
2026-04-20 01:01:08,743-INFO-root-inserted the data into the tables..
2026-04-20 01:01:09,531-ERROR-root-name 'pd' is not defined
2026-04-20 01:01:09,531-INFO-root-Scraped data from page 8
2026-04-20 01:01:09,532-ERROR-root-'NoneType' object is not iterable
2026-04-20 01:01:09,532-INFO-root-inserted the data into the tables..
2026-04-20 01:01:10,212-ERROR-root-name 'pd' is not defined
2026-04-20 01:01:10,212-INFO-root-Scraped data from page 9
2026-04-20 01:01:10,212-ERROR-root-'NoneType' object is not iterable
2026-04-20 01:01:10,212-INFO-root-inserted the data into the tables..
2026-04-20 01:01:10,956-ERROR-root-name 'pd' is not defined
2026-04-20 01:01:10,956-INFO-root-Scraped data from page 10
2026-04-20 01:01:10,957-ERROR-root-'NoneType' object is not iterable
2026-04-20 01:01:10,957-INFO-root-inserted the data into the tables..
2026-04-20 01:01:11,588-ERROR-root-name 'pd' is not defined
2026-04-20 01:01:11,588-INFO-root-Scraped data from page 11
2026-04-20 01:01:11,588-ERROR-root-'NoneType' object is not iterable
2026-04-20 01:01:11,588-INFO-root-inserted the data into the tables..
2026-04-20 01:01:12,296-ERROR-root-name 'pd' is not defined
2026-04-20 01:01:12,297-INFO-root-Scraped data from page 12
2026-04-20 01:01:12,297-ERROR-root-'NoneType' object is not iterable
2026-04-20 01:01:12,297-INFO-root-inserted the data into the tables..
2026-04-20 01:01:13,112-ERROR-root-name 'pd' is not defined
2026-04-20 01:01:13,112-INFO-root-Scraped data from page 13
2026-04-20 01:01:13,112-ERROR-root-'NoneType' object is not iterable
2026-04-20 01:01:13,113-INFO-root-inserted the data into the tables..
2026-04-20 01:01:13,907-ERROR-root-name 'pd' is not defined
2026-04-20 01:01:13,907-INFO-root-Scraped data from page 14
2026-04-20 01:01:13,907-ERROR-root-'NoneType' object is not iterable
2026-04-20 01:01:13,907-INFO-root-inserted the data into the tables..
2026-04-20 01:01:14,698-ERROR-root-name 'pd' is not defined
2026-04-20 01:01:14,698-INFO-root-Scraped data from page 15
2026-04-20 01:01:14,699-ERROR-root-'NoneType' object is not iterable
2026-04-20 01:01:14,699-INFO-root-inserted the data into the tables..
2026-04-20 01:01:15,668-ERROR-root-name 'pd' is not defined
2026-04-20 01:01:15,669-INFO-root-Scraped data from page 16
2026-04-20 01:01:15,669-ERROR-root-'NoneType' object is not iterable
2026-04-20 01:01:15,669-INFO-root-inserted the data into the tables..
2026-04-20 01:01:16,339-ERROR-root-name 'pd' is not defined
2026-04-20 01:01:16,339-INFO-root-Scraped data from page 17
2026-04-20 01:01:16,340-ERROR-root-'NoneType' object is not iterable
2026-04-20 01:01:16,340-INFO-root-inserted the data into the tables..
2026-04-20 01:01:17,024-ERROR-root-name 'pd' is not defined
2026-04-20 01:01:17,024-INFO-root-Scraped data from page 18
2026-04-20 01:01:17,024-ERROR-root-'NoneType' object is not iterable
2026-04-20 01:01:17,024-INFO-root-inserted the data into the tables..
2026-04-20 01:01:17,708-ERROR-root-name 'pd' is not defined
2026-04-20 01:01:17,708-INFO-root-Scraped data from page 19
2026-04-20 01:01:17,708-ERROR-root-'NoneType' object is not iterable
2026-04-20 01:01:17,708-INFO-root-inserted the data into the tables..
2026-04-20 01:01:18,429-ERROR-root-name 'pd' is not defined
2026-04-20 01:01:18,429-INFO-root-Scraped data from page 20
2026-04-20 01:01:18,429-ERROR-root-'NoneType' object is not iterable
2026-04-20 01:01:18,429-INFO-root-inserted the data into the tables..
2026-04-20 01:11:11,869-INFO-root-Execution started..
2026-04-20 01:11:12,655-INFO-root-Scraped data from page 1
2026-04-20 01:11:12,659-INFO-root-inserted the data into the tables..
2026-04-20 01:11:13,358-INFO-root-Scraped data from page 2
2026-04-20 01:11:13,363-INFO-root-inserted the data into the tables..
2026-04-20 01:11:14,062-INFO-root-Scraped data from page 3
2026-04-20 01:11:14,066-INFO-root-inserted the data into the tables..
2026-04-20 01:11:14,798-INFO-root-Scraped data from page 4
2026-04-20 01:11:14,802-INFO-root-inserted the data into the tables..
2026-04-20 01:11:15,593-INFO-root-Scraped data from page 5
2026-04-20 01:11:15,597-INFO-root-inserted the data into the tables..
2026-04-20 01:11:16,357-INFO-root-Scraped data from page 6
2026-04-20 01:11:16,362-INFO-root-inserted the data into the tables..
2026-04-20 01:11:17,150-INFO-root-Scraped data from page 7
2026-04-20 01:11:17,155-INFO-root-inserted the data into the tables..
2026-04-20 01:11:18,032-INFO-root-Scraped data from page 8
2026-04-20 01:11:18,035-INFO-root-inserted the data into the tables..
2026-04-20 01:11:18,731-INFO-root-Scraped data from page 9
2026-04-20 01:11:18,736-INFO-root-inserted the data into the tables..
2026-04-20 01:11:19,429-INFO-root-Scraped data from page 10
2026-04-20 01:11:19,432-INFO-root-inserted the data into the tables..
2026-04-20 01:11:20,039-INFO-root-Scraped data from page 11
2026-04-20 01:11:20,039-INFO-root-inserted the data into the tables..
2026-04-20 01:11:20,709-INFO-root-Scraped data from page 12
2026-04-20 01:11:20,710-INFO-root-inserted the data into the tables..
2026-04-20 01:11:21,569-INFO-root-Scraped data from page 13
2026-04-20 01:11:21,570-INFO-root-inserted the data into the tables..
2026-04-20 01:11:22,171-INFO-root-Scraped data from page 14
2026-04-20 01:11:22,171-INFO-root-inserted the data into the tables..
2026-04-20 01:11:23,046-INFO-root-Scraped data from page 15
2026-04-20 01:11:23,046-INFO-root-inserted the data into the tables..
2026-04-20 01:11:23,906-INFO-root-Scraped data from page 16
2026-04-20 01:11:23,910-INFO-root-inserted the data into the tables..
2026-04-20 01:11:24,579-INFO-root-Scraped data from page 17
2026-04-20 01:11:24,584-INFO-root-inserted the data into the tables..
2026-04-20 01:11:25,385-INFO-root-Scraped data from page 18
2026-04-20 01:11:25,387-ERROR-root-'NoneType' object is not subscriptable
2026-04-20 01:11:25,387-INFO-root-inserted the data into the tables..
2026-04-20 01:11:26,037-INFO-root-Scraped data from page 19
2026-04-20 01:11:26,039-ERROR-root-'NoneType' object is not subscriptable
2026-04-20 01:11:26,039-INFO-root-inserted the data into the tables..
2026-04-20 01:11:26,643-INFO-root-Scraped data from page 20
2026-04-20 01:11:26,645-ERROR-root-'NoneType' object is not subscriptable
2026-04-20 01:11:26,645-INFO-root-inserted the data into the tables..
2026-04-20 01:29:53,542 | INFO | mainscrip.py:25 | <module>() | Execution started..
2026-04-20 01:29:54,562 | INFO | mainscrip.py:36 | internshala() | Scraped data from page 1
2026-04-20 01:29:54,566 | INFO | mainscrip.py:38 | internshala() | inserted the data into the tables..
2026-04-20 01:29:55,650 | INFO | mainscrip.py:36 | internshala() | Scraped data from page 2
2026-04-20 01:29:55,654 | INFO | mainscrip.py:38 | internshala() | inserted the data into the tables..
2026-04-20 01:29:56,473 | INFO | mainscrip.py:36 | internshala() | Scraped data from page 3
2026-04-20 01:29:56,477 | INFO | mainscrip.py:38 | internshala() | inserted the data into the tables..
2026-04-20 01:29:57,229 | INFO | mainscrip.py:36 | internshala() | Scraped data from page 4
2026-04-20 01:29:57,233 | INFO | mainscrip.py:38 | internshala() | inserted the data into the tables..
2026-04-20 01:29:57,927 | INFO | mainscrip.py:36 | internshala() | Scraped data from page 5
2026-04-20 01:29:57,931 | INFO | mainscrip.py:38 | internshala() | inserted the data into the tables..
2026-04-20 01:29:58,687 | INFO | mainscrip.py:36 | internshala() | Scraped data from page 6
2026-04-20 01:29:58,691 | INFO | mainscrip.py:38 | internshala() | inserted the data into the tables..
2026-04-20 01:29:59,544 | INFO | mainscrip.py:36 | internshala() | Scraped data from page 7
2026-04-20 01:29:59,549 | INFO | mainscrip.py:38 | internshala() | inserted the data into the tables..
2026-04-20 01:30:00,272 | INFO | mainscrip.py:36 | internshala() | Scraped data from page 8
2026-04-20 01:30:00,276 | INFO | mainscrip.py:38 | internshala() | inserted the data into the tables..
2026-04-20 01:30:01,065 | INFO | mainscrip.py:36 | internshala() | Scraped data from page 9
2026-04-20 01:30:01,069 | INFO | mainscrip.py:38 | internshala() | inserted the data into the tables..
2026-04-20 01:30:01,900 | INFO | mainscrip.py:36 | internshala() | Scraped data from page 10
2026-04-20 01:30:01,904 | INFO | mainscrip.py:38 | internshala() | inserted the data into the tables..
2026-04-20 01:30:02,698 | INFO | mainscrip.py:36 | internshala() | Scraped data from page 11
2026-04-20 01:30:02,698 | INFO | mainscrip.py:38 | internshala() | inserted the data into the tables..
2026-04-20 01:30:03,419 | INFO | mainscrip.py:36 | internshala() | Scraped data from page 12
2026-04-20 01:30:03,420 | INFO | mainscrip.py:38 | internshala() | inserted the data into the tables..
2026-04-20 01:30:04,095 | INFO | mainscrip.py:36 | internshala() | Scraped data from page 13
2026-04-20 01:30:04,095 | INFO | mainscrip.py:38 | internshala() | inserted the data into the tables..
2026-04-20 01:30:05,218 | INFO | mainscrip.py:36 | internshala() | Scraped data from page 14
2026-04-20 01:30:05,218 | INFO | mainscrip.py:38 | internshala() | inserted the data into the tables..
2026-04-20 01:30:06,137 | INFO | mainscrip.py:36 | internshala() | Scraped data from page 15
2026-04-20 01:30:06,137 | INFO | mainscrip.py:38 | internshala() | inserted the data into the tables..
2026-04-20 01:30:07,433 | INFO | mainscrip.py:36 | internshala() | Scraped data from page 16
2026-04-20 01:30:07,436 | INFO | mainscrip.py:38 | internshala() | inserted the data into the tables..
2026-04-20 01:30:08,066 | INFO | mainscrip.py:36 | internshala() | Scraped data from page 17
2026-04-20 01:30:08,081 | INFO | mainscrip.py:38 | internshala() | inserted the data into the tables..
2026-04-20 01:30:08,803 | INFO | mainscrip.py:36 | internshala() | Scraped data from page 18
2026-04-20 01:30:08,806 | ERROR | db_manager.py:50 | manage_operation() | 'NoneType' object is not subscriptable
2026-04-20 01:30:08,806 | INFO | mainscrip.py:38 | internshala() | inserted the data into the tables..
2026-04-20 01:30:09,548 | INFO | mainscrip.py:36 | internshala() | Scraped data from page 19
2026-04-20 01:30:09,550 | ERROR | db_manager.py:50 | manage_operation() | 'NoneType' object is not subscriptable
2026-04-20 01:30:09,551 | INFO | mainscrip.py:38 | internshala() | inserted the data into the tables..
2026-04-20 01:30:10,163 | INFO | mainscrip.py:36 | internshala() | Scraped data from page 20
2026-04-20 01:30:10,165 | ERROR | db_manager.py:50 | manage_operation() | 'NoneType' object is not subscriptable
2026-04-20 01:30:10,166 | INFO | mainscrip.py:38 | internshala() | inserted the data into the tables..
2026-04-20 01:32:55,999 | INFO | mainscrip.py:25 | <module>() | Execution started..
2026-04-20 01:32:56,006 | ERROR | fetcher.py:13 | get_soup() | HTTPSConnectionPool(host='internshala.com', port=443): Max retries exceeded with url: /jobs/net-development,ai-agent-development,asp-net,android-app-development,angular-js-development,backend-development,cloud-computing,cyber-security,front-end-development,full-stack-development,game-development,java,javascript-development,machine-learning,node-js-development,python-django,web-development-jobs/ (Caused by NameResolutionError("HTTPSConnection(host='internshala.com', port=443): Failed to resolve 'internshala.com' ([Errno 11001] getaddrinfo failed)"))
2026-04-20 01:32:56,007 | ERROR | extractor.py:62 | scrape_data() | 'NoneType' object has no attribute 'find_all'
2026-04-20 01:32:56,008 | INFO | mainscrip.py:36 | internshala() | Scraped data from page 1
2026-04-20 01:32:56,008 | ERROR | db_manager.py:52 | manage_operation() | 'NoneType' object is not iterable
2026-04-20 01:32:56,008 | INFO | mainscrip.py:38 | internshala() | inserted the data into the tables..
2026-04-20 01:32:56,010 | ERROR | fetcher.py:13 | get_soup() | HTTPSConnectionPool(host='internshala.com', port=443): Max retries exceeded with url: /jobs/net-development,ai-agent-development,asp-net,android-app-development,angular-js-development,backend-development,cloud-computing,cyber-security,front-end-development,full-stack-development,game-development,java,javascript-development,machine-learning,node-js-development,python-django,web-development-jobs/page-2 (Caused by NameResolutionError("HTTPSConnection(host='internshala.com', port=443): Failed to resolve 'internshala.com' ([Errno 11001] getaddrinfo failed)"))
2026-04-20 01:32:56,010 | ERROR | extractor.py:62 | scrape_data() | 'NoneType' object has no attribute 'find_all'
2026-04-20 01:32:56,010 | INFO | mainscrip.py:36 | internshala() | Scraped data from page 2
2026-04-20 01:32:56,011 | ERROR | db_manager.py:52 | manage_operation() | 'NoneType' object is not iterable
2026-04-20 01:32:56,011 | INFO | mainscrip.py:38 | internshala() | inserted the data into the tables..
2026-04-20 01:32:56,013 | ERROR | fetcher.py:13 | get_soup() | HTTPSConnectionPool(host='internshala.com', port=443): Max retries exceeded with url: /jobs/net-development,ai-agent-development,asp-net,android-app-development,angular-js-development,backend-development,cloud-computing,cyber-security,front-end-development,full-stack-development,game-development,java,javascript-development,machine-learning,node-js-development,python-django,web-development-jobs/page-3 (Caused by NameResolutionError("HTTPSConnection(host='internshala.com', port=443): Failed to resolve 'internshala.com' ([Errno 11001] getaddrinfo failed)"))
2026-04-20 01:32:56,013 | ERROR | extractor.py:62 | scrape_data() | 'NoneType' object has no attribute 'find_all'
2026-04-20 01:32:56,013 | INFO | mainscrip.py:36 | internshala() | Scraped data from page 3
2026-04-20 01:32:56,013 | ERROR | db_manager.py:52 | manage_operation() | 'NoneType' object is not iterable
2026-04-20 01:32:56,013 | INFO | mainscrip.py:38 | internshala() | inserted the data into the tables..
2026-04-20 01:32:56,014 | ERROR | fetcher.py:13 | get_soup() | HTTPSConnectionPool(host='internshala.com', port=443): Max retries exceeded with url: /jobs/net-development,ai-agent-development,asp-net,android-app-development,angular-js-development,backend-development,cloud-computing,cyber-security,front-end-development,full-stack-development,game-development,java,javascript-development,machine-learning,node-js-development,python-django,web-development-jobs/page-4 (Caused by NameResolutionError("HTTPSConnection(host='internshala.com', port=443): Failed to resolve 'internshala.com' ([Errno 11001] getaddrinfo failed)"))
2026-04-20 01:32:56,015 | ERROR | extractor.py:62 | scrape_data() | 'NoneType' object has no attribute 'find_all'
2026-04-20 01:32:56,015 | INFO | mainscrip.py:36 | internshala() | Scraped data from page 4
2026-04-20 01:32:56,015 | ERROR | db_manager.py:52 | manage_operation() | 'NoneType' object is not iterable
2026-04-20 01:32:56,015 | INFO | mainscrip.py:38 | internshala() | inserted the data into the tables..
2026-04-20 01:32:56,016 | ERROR | fetcher.py:13 | get_soup() | HTTPSConnectionPool(host='internshala.com', port=443): Max retries exceeded with url: /jobs/net-development,ai-agent-development,asp-net,android-app-development,angular-js-development,backend-development,cloud-computing,cyber-security,front-end-development,full-stack-development,game-development,java,javascript-development,machine-learning,node-js-development,python-django,web-development-jobs/page-5 (Caused by NameResolutionError("HTTPSConnection(host='internshala.com', port=443): Failed to resolve 'internshala.com' ([Errno 11001] getaddrinfo failed)"))
2026-04-20 01:32:56,016 | ERROR | extractor.py:62 | scrape_data() | 'NoneType' object has no attribute 'find_all'
2026-04-20 01:32:56,016 | INFO | mainscrip.py:36 | internshala() | Scraped data from page 5
2026-04-20 01:32:56,016 | ERROR | db_manager.py:52 | manage_operation() | 'NoneType' object is not iterable
2026-04-20 01:32:56,016 | INFO | mainscrip.py:38 | internshala() | inserted the data into the tables..
2026-04-20 01:32:56,017 | ERROR | fetcher.py:13 | get_soup() | HTTPSConnectionPool(host='internshala.com', port=443): Max retries exceeded with url: /jobs/net-development,ai-agent-development,asp-net,android-app-development,angular-js-development,backend-development,cloud-computing,cyber-security,front-end-development,full-stack-development,game-development,java,javascript-development,machine-learning,node-js-development,python-django,web-development-jobs/page-6 (Caused by NameResolutionError("HTTPSConnection(host='internshala.com', port=443): Failed to resolve 'internshala.com' ([Errno 11001] getaddrinfo failed)"))
2026-04-20 01:32:56,017 | ERROR | extractor.py:62 | scrape_data() | 'NoneType' object has no attribute 'find_all'
2026-04-20 01:32:56,018 | INFO | mainscrip.py:36 | internshala() | Scraped data from page 6
2026-04-20 01:32:56,018 | ERROR | db_manager.py:52 | manage_operation() | 'NoneType' object is not iterable
2026-04-20 01:32:56,018 | INFO | mainscrip.py:38 | internshala() | inserted the data into the tables..
2026-04-20 01:32:56,019 | ERROR | fetcher.py:13 | get_soup() | HTTPSConnectionPool(host='internshala.com', port=443): Max retries exceeded with url: /jobs/net-development,ai-agent-development,asp-net,android-app-development,angular-js-development,backend-development,cloud-computing,cyber-security,front-end-development,full-stack-development,game-development,java,javascript-development,machine-learning,node-js-development,python-django,web-development-jobs/page-7 (Caused by NameResolutionError("HTTPSConnection(host='internshala.com', port=443): Failed to resolve 'internshala.com' ([Errno 11001] getaddrinfo failed)"))
2026-04-20 01:32:56,019 | ERROR | extractor.py:62 | scrape_data() | 'NoneType' object has no attribute 'find_all'
2026-04-20 01:32:56,019 | INFO | mainscrip.py:36 | internshala() | Scraped data from page 7
2026-04-20 01:32:56,019 | ERROR | db_manager.py:52 | manage_operation() | 'NoneType' object is not iterable
2026-04-20 01:32:56,019 | INFO | mainscrip.py:38 | internshala() | inserted the data into the tables..
2026-04-20 01:32:56,020 | ERROR | fetcher.py:13 | get_soup() | HTTPSConnectionPool(host='internshala.com', port=443): Max retries exceeded with url: /jobs/net-development,ai-agent-development,asp-net,android-app-development,angular-js-development,backend-development,cloud-computing,cyber-security,front-end-development,full-stack-development,game-development,java,javascript-development,machine-learning,node-js-development,python-django,web-development-jobs/page-8 (Caused by NameResolutionError("HTTPSConnection(host='internshala.com', port=443): Failed to resolve 'internshala.com' ([Errno 11001] getaddrinfo failed)"))
2026-04-20 01:32:56,021 | ERROR | extractor.py:62 | scrape_data() | 'NoneType' object has no attribute 'find_all'
2026-04-20 01:32:56,021 | INFO | mainscrip.py:36 | internshala() | Scraped data from page 8
2026-04-20 01:32:56,021 | ERROR | db_manager.py:52 | manage_operation() | 'NoneType' object is not iterable
2026-04-20 01:32:56,021 | INFO | mainscrip.py:38 | internshala() | inserted the data into the tables..
2026-04-20 01:32:56,022 | ERROR | fetcher.py:13 | get_soup() | HTTPSConnectionPool(host='internshala.com', port=443): Max retries exceeded with url: /jobs/net-development,ai-agent-development,asp-net,android-app-development,angular-js-development,backend-development,cloud-computing,cyber-security,front-end-development,full-stack-development,game-development,java,javascript-development,machine-learning,node-js-development,python-django,web-development-jobs/page-9 (Caused by NameResolutionError("HTTPSConnection(host='internshala.com', port=443): Failed to resolve 'internshala.com' ([Errno 11001] getaddrinfo failed)"))
2026-04-20 01:32:56,023 | ERROR | extractor.py:62 | scrape_data() | 'NoneType' object has no attribute 'find_all'
2026-04-20 01:32:56,023 | INFO | mainscrip.py:36 | internshala() | Scraped data from page 9
2026-04-20 01:32:56,023 | ERROR | db_manager.py:52 | manage_operation() | 'NoneType' object is not iterable
2026-04-20 01:32:56,023 | INFO | mainscrip.py:38 | internshala() | inserted the data into the tables..
2026-04-20 01:32:56,025 | ERROR | fetcher.py:13 | get_soup() | HTTPSConnectionPool(host='internshala.com', port=443): Max retries exceeded with url: /jobs/net-development,ai-agent-development,asp-net,android-app-development,angular-js-development,backend-development,cloud-computing,cyber-security,front-end-development,full-stack-development,game-development,java,javascript-development,machine-learning,node-js-development,python-django,web-development-jobs/page-10 (Caused by NameResolutionError("HTTPSConnection(host='internshala.com', port=443): Failed to resolve 'internshala.com' ([Errno 11001] getaddrinfo failed)"))
2026-04-20 01:32:56,026 | ERROR | extractor.py:62 | scrape_data() | 'NoneType' object has no attribute 'find_all'
2026-04-20 01:32:56,027 | INFO | mainscrip.py:36 | internshala() | Scraped data from page 10
2026-04-20 01:32:56,027 | ERROR | db_manager.py:52 | manage_operation() | 'NoneType' object is not iterable
2026-04-20 01:32:56,027 | INFO | mainscrip.py:38 | internshala() | inserted the data into the tables..
2026-04-20 01:32:56,029 | ERROR | fetcher.py:13 | get_soup() | HTTPSConnectionPool(host='internshala.com', port=443): Max retries exceeded with url: /jobs/net-development,ai-agent-development,asp-net,android-app-development,angular-js-development,backend-development,cloud-computing,cyber-security,front-end-development,full-stack-development,game-development,java,javascript-development,machine-learning,node-js-development,python-django,web-development-jobs/page-11 (Caused by NameResolutionError("HTTPSConnection(host='internshala.com', port=443): Failed to resolve 'internshala.com' ([Errno 11001] getaddrinfo failed)"))
2026-04-20 01:32:56,029 | ERROR | extractor.py:62 | scrape_data() | 'NoneType' object has no attribute 'find_all'
2026-04-20 01:32:56,029 | INFO | mainscrip.py:36 | internshala() | Scraped data from page 11
2026-04-20 01:32:56,029 | ERROR | db_manager.py:52 | manage_operation() | 'NoneType' object is not iterable
2026-04-20 01:32:56,029 | INFO | mainscrip.py:38 | internshala() | inserted the data into the tables..
2026-04-20 01:32:56,031 | ERROR | fetcher.py:13 | get_soup() | HTTPSConnectionPool(host='internshala.com', port=443): Max retries exceeded with url: /jobs/net-development,ai-agent-development,asp-net,android-app-development,angular-js-development,backend-development,cloud-computing,cyber-security,front-end-development,full-stack-development,game-development,java,javascript-development,machine-learning,node-js-development,python-django,web-development-jobs/page-12 (Caused by NameResolutionError("HTTPSConnection(host='internshala.com', port=443): Failed to resolve 'internshala.com' ([Errno 11001] getaddrinfo failed)"))
2026-04-20 01:32:56,031 | ERROR | extractor.py:62 | scrape_data() | 'NoneType' object has no attribute 'find_all'
2026-04-20 01:32:56,032 | INFO | mainscrip.py:36 | internshala() | Scraped data from page 12
2026-04-20 01:32:56,032 | ERROR | db_manager.py:52 | manage_operation() | 'NoneType' object is not iterable
2026-04-20 01:32:56,032 | INFO | mainscrip.py:38 | internshala() | inserted the data into the tables..
2026-04-20 01:32:56,034 | ERROR | fetcher.py:13 | get_soup() | HTTPSConnectionPool(host='internshala.com', port=443): Max retries exceeded with url: /jobs/net-development,ai-agent-development,asp-net,android-app-development,angular-js-development,backend-development,cloud-computing,cyber-security,front-end-development,full-stack-development,game-development,java,javascript-development,machine-learning,node-js-development,python-django,web-development-jobs/page-13 (Caused by NameResolutionError("HTTPSConnection(host='internshala.com', port=443): Failed to resolve 'internshala.com' ([Errno 11001] getaddrinfo failed)"))
2026-04-20 01:32:56,035 | ERROR | extractor.py:62 | scrape_data() | 'NoneType' object has no attribute 'find_all'
2026-04-20 01:32:56,035 | INFO | mainscrip.py:36 | internshala() | Scraped data from page 13
2026-04-20 01:32:56,035 | ERROR | db_manager.py:52 | manage_operation() | 'NoneType' object is not iterable
2026-04-20 01:32:56,035 | INFO | mainscrip.py:38 | internshala() | inserted the data into the tables..
2026-04-20 01:32:56,037 | ERROR | fetcher.py:13 | get_soup() | HTTPSConnectionPool(host='internshala.com', port=443): Max retries exceeded with url: /jobs/net-development,ai-agent-development,asp-net,android-app-development,angular-js-development,backend-development,cloud-computing,cyber-security,front-end-development,full-stack-development,game-development,java,javascript-development,machine-learning,node-js-development,python-django,web-development-jobs/page-14 (Caused by NameResolutionError("HTTPSConnection(host='internshala.com', port=443): Failed to resolve 'internshala.com' ([Errno 11001] getaddrinfo failed)"))
2026-04-20 01:32:56,037 | ERROR | extractor.py:62 | scrape_data() | 'NoneType' object has no attribute 'find_all'
2026-04-20 01:32:56,037 | INFO | mainscrip.py:36 | internshala() | Scraped data from page 14
2026-04-20 01:32:56,037 | ERROR | db_manager.py:52 | manage_operation() | 'NoneType' object is not iterable
2026-04-20 01:32:56,037 | INFO | mainscrip.py:38 | internshala() | inserted the data into the tables..
2026-04-20 01:32:56,038 | ERROR | fetcher.py:13 | get_soup() | HTTPSConnectionPool(host='internshala.com', port=443): Max retries exceeded with url: /jobs/net-development,ai-agent-development,asp-net,android-app-development,angular-js-development,backend-development,cloud-computing,cyber-security,front-end-development,full-stack-development,game-development,java,javascript-development,machine-learning,node-js-development,python-django,web-development-jobs/page-15 (Caused by NameResolutionError("HTTPSConnection(host='internshala.com', port=443): Failed to resolve 'internshala.com' ([Errno 11001] getaddrinfo failed)"))
2026-04-20 01:32:56,039 | ERROR | extractor.py:62 | scrape_data() | 'NoneType' object has no attribute 'find_all'
2026-04-20 01:32:56,039 | INFO | mainscrip.py:36 | internshala() | Scraped data from page 15
2026-04-20 01:32:56,039 | ERROR | db_manager.py:52 | manage_operation() | 'NoneType' object is not iterable
2026-04-20 01:32:56,039 | INFO | mainscrip.py:38 | internshala() | inserted the data into the tables..
2026-04-20 01:32:56,040 | ERROR | fetcher.py:13 | get_soup() | HTTPSConnectionPool(host='internshala.com', port=443): Max retries exceeded with url: /jobs/net-development,ai-agent-development,asp-net,android-app-development,angular-js-development,backend-development,cloud-computing,cyber-security,front-end-development,full-stack-development,game-development,java,javascript-development,machine-learning,node-js-development,python-django,web-development-jobs/page-16 (Caused by NameResolutionError("HTTPSConnection(host='internshala.com', port=443): Failed to resolve 'internshala.com' ([Errno 11001] getaddrinfo failed)"))
2026-04-20 01:32:56,041 | ERROR | extractor.py:62 | scrape_data() | 'NoneType' object has no attribute 'find_all'
2026-04-20 01:32:56,041 | INFO | mainscrip.py:36 | internshala() | Scraped data from page 16
2026-04-20 01:32:56,041 | ERROR | db_manager.py:52 | manage_operation() | 'NoneType' object is not iterable
2026-04-20 01:32:56,041 | INFO | mainscrip.py:38 | internshala() | inserted the data into the tables..
2026-04-20 01:32:56,042 | ERROR | fetcher.py:13 | get_soup() | HTTPSConnectionPool(host='internshala.com', port=443): Max retries exceeded with url: /jobs/net-development,ai-agent-development,asp-net,android-app-development,angular-js-development,backend-development,cloud-computing,cyber-security,front-end-development,full-stack-development,game-development,java,javascript-development,machine-learning,node-js-development,python-django,web-development-jobs/page-17 (Caused by NameResolutionError("HTTPSConnection(host='internshala.com', port=443): Failed to resolve 'internshala.com' ([Errno 11001] getaddrinfo failed)"))
2026-04-20 01:32:56,043 | ERROR | extractor.py:62 | scrape_data() | 'NoneType' object has no attribute 'find_all'
2026-04-20 01:32:56,043 | INFO | mainscrip.py:36 | internshala() | Scraped data from page 17
2026-04-20 01:32:56,043 | ERROR | db_manager.py:52 | manage_operation() | 'NoneType' object is not iterable
2026-04-20 01:32:56,043 | INFO | mainscrip.py:38 | internshala() | inserted the data into the tables..
2026-04-20 01:32:56,045 | ERROR | fetcher.py:13 | get_soup() | HTTPSConnectionPool(host='internshala.com', port=443): Max retries exceeded with url: /jobs/net-development,ai-agent-development,asp-net,android-app-development,angular-js-development,backend-development,cloud-computing,cyber-security,front-end-development,full-stack-development,game-development,java,javascript-development,machine-learning,node-js-development,python-django,web-development-jobs/page-18 (Caused by NameResolutionError("HTTPSConnection(host='internshala.com', port=443): Failed to resolve 'internshala.com' ([Errno 11001] getaddrinfo failed)"))
2026-04-20 01:32:56,045 | ERROR | extractor.py:62 | scrape_data() | 'NoneType' object has no attribute 'find_all'
2026-04-20 01:32:56,045 | INFO | mainscrip.py:36 | internshala() | Scraped data from page 18
2026-04-20 01:32:56,046 | ERROR | db_manager.py:52 | manage_operation() | 'NoneType' object is not iterable
2026-04-20 01:32:56,046 | INFO | mainscrip.py:38 | internshala() | inserted the data into the tables..
2026-04-20 01:32:56,047 | ERROR | fetcher.py:13 | get_soup() | HTTPSConnectionPool(host='internshala.com', port=443): Max retries exceeded with url: /jobs/net-development,ai-agent-development,asp-net,android-app-development,angular-js-development,backend-development,cloud-computing,cyber-security,front-end-development,full-stack-development,game-development,java,javascript-development,machine-learning,node-js-development,python-django,web-development-jobs/page-19 (Caused by NameResolutionError("HTTPSConnection(host='internshala.com', port=443): Failed to resolve 'internshala.com' ([Errno 11001] getaddrinfo failed)"))
2026-04-20 01:32:56,047 | ERROR | extractor.py:62 | scrape_data() | 'NoneType' object has no attribute 'find_all'
2026-04-20 01:32:56,048 | INFO | mainscrip.py:36 | internshala() | Scraped data from page 19
2026-04-20 01:32:56,048 | ERROR | db_manager.py:52 | manage_operation() | 'NoneType' object is not iterable
2026-04-20 01:32:56,048 | INFO | mainscrip.py:38 | internshala() | inserted the data into the tables..
2026-04-20 01:32:56,049 | ERROR | fetcher.py:13 | get_soup() | HTTPSConnectionPool(host='internshala.com', port=443): Max retries exceeded with url: /jobs/net-development,ai-agent-development,asp-net,android-app-development,angular-js-development,backend-development,cloud-computing,cyber-security,front-end-development,full-stack-development,game-development,java,javascript-development,machine-learning,node-js-development,python-django,web-development-jobs/page-20 (Caused by NameResolutionError("HTTPSConnection(host='internshala.com', port=443): Failed to resolve 'internshala.com' ([Errno 11001] getaddrinfo failed)"))
2026-04-20 01:32:56,050 | ERROR | extractor.py:62 | scrape_data() | 'NoneType' object has no attribute 'find_all'
2026-04-20 01:32:56,050 | INFO | mainscrip.py:36 | internshala() | Scraped data from page 20
2026-04-20 01:32:56,050 | ERROR | db_manager.py:52 | manage_operation() | 'NoneType' object is not iterable
2026-04-20 01:32:56,050 | INFO | mainscrip.py:38 | internshala() | inserted the data into the tables..
2026-04-20 01:47:32,606 | INFO | mainscrip.py:23 | <module>() | Execution started..
2026-04-20 01:47:33,334 | ERROR | extractor.py:77 | scrape_data() | cannot access local variable 'posted_time' where it is not associated with a value
2026-04-20 01:47:33,334 | INFO | mainscrip.py:34 | internshala() | Scraped data from page 1
2026-04-20 01:47:33,335 | ERROR | db_manager.py:52 | manage_operation() | 'NoneType' object is not iterable
2026-04-20 01:47:33,335 | INFO | mainscrip.py:36 | internshala() | inserted the data into the tables..
2026-04-20 01:47:34,009 | ERROR | extractor.py:77 | scrape_data() | cannot access local variable 'posted_time' where it is not associated with a value
2026-04-20 01:47:34,009 | INFO | mainscrip.py:34 | internshala() | Scraped data from page 2
2026-04-20 01:47:34,010 | ERROR | db_manager.py:52 | manage_operation() | 'NoneType' object is not iterable
2026-04-20 01:47:34,010 | INFO | mainscrip.py:36 | internshala() | inserted the data into the tables..
2026-04-20 01:47:34,805 | ERROR | extractor.py:77 | scrape_data() | cannot access local variable 'posted_time' where it is not associated with a value
2026-04-20 01:47:34,806 | INFO | mainscrip.py:34 | internshala() | Scraped data from page 3
2026-04-20 01:47:34,806 | ERROR | db_manager.py:52 | manage_operation() | 'NoneType' object is not iterable
2026-04-20 01:47:34,807 | INFO | mainscrip.py:36 | internshala() | inserted the data into the tables..
2026-04-20 01:47:35,480 | ERROR | extractor.py:77 | scrape_data() | cannot access local variable 'posted_time' where it is not associated with a value
2026-04-20 01:47:35,480 | INFO | mainscrip.py:34 | internshala() | Scraped data from page 4
2026-04-20 01:47:35,481 | ERROR | db_manager.py:52 | manage_operation() | 'NoneType' object is not iterable
2026-04-20 01:47:35,481 | INFO | mainscrip.py:36 | internshala() | inserted the data into the tables..
2026-04-20 01:47:36,406 | ERROR | extractor.py:77 | scrape_data() | cannot access local variable 'posted_time' where it is not associated with a value
2026-04-20 01:47:36,407 | INFO | mainscrip.py:34 | internshala() | Scraped data from page 5
2026-04-20 01:47:36,407 | ERROR | db_manager.py:52 | manage_operation() | 'NoneType' object is not iterable
2026-04-20 01:47:36,407 | INFO | mainscrip.py:36 | internshala() | inserted the data into the tables..
2026-04-20 01:47:37,284 | ERROR | extractor.py:77 | scrape_data() | cannot access local variable 'posted_time' where it is not associated with a value
2026-04-20 01:47:37,284 | INFO | mainscrip.py:34 | internshala() | Scraped data from page 6
2026-04-20 01:47:37,284 | ERROR | db_manager.py:52 | manage_operation() | 'NoneType' object is not iterable
2026-04-20 01:47:37,284 | INFO | mainscrip.py:36 | internshala() | inserted the data into the tables..
2026-04-20 01:47:38,049 | ERROR | extractor.py:77 | scrape_data() | cannot access local variable 'posted_time' where it is not associated with a value
2026-04-20 01:47:38,049 | INFO | mainscrip.py:34 | internshala() | Scraped data from page 7
2026-04-20 01:47:38,049 | ERROR | db_manager.py:52 | manage_operation() | 'NoneType' object is not iterable
2026-04-20 01:47:38,050 | INFO | mainscrip.py:36 | internshala() | inserted the data into the tables..
2026-04-20 01:47:38,775 | ERROR | extractor.py:77 | scrape_data() | cannot access local variable 'posted_time' where it is not associated with a value
2026-04-20 01:47:38,775 | INFO | mainscrip.py:34 | internshala() | Scraped data from page 8
2026-04-20 01:47:38,776 | ERROR | db_manager.py:52 | manage_operation() | 'NoneType' object is not iterable
2026-04-20 01:47:38,776 | INFO | mainscrip.py:36 | internshala() | inserted the data into the tables..
2026-04-20 01:47:39,674 | ERROR | extractor.py:77 | scrape_data() | cannot access local variable 'posted_time' where it is not associated with a value
2026-04-20 01:47:39,674 | INFO | mainscrip.py:34 | internshala() | Scraped data from page 9
2026-04-20 01:47:39,675 | ERROR | db_manager.py:52 | manage_operation() | 'NoneType' object is not iterable
2026-04-20 01:47:39,675 | INFO | mainscrip.py:36 | internshala() | inserted the data into the tables..
2026-04-20 01:47:40,400 | ERROR | extractor.py:77 | scrape_data() | cannot access local variable 'posted_time' where it is not associated with a value
2026-04-20 01:47:40,401 | INFO | mainscrip.py:34 | internshala() | Scraped data from page 10
2026-04-20 01:47:40,402 | ERROR | db_manager.py:52 | manage_operation() | 'NoneType' object is not iterable
2026-04-20 01:47:40,403 | INFO | mainscrip.py:36 | internshala() | inserted the data into the tables..
2026-04-20 01:47:41,020 | ERROR | extractor.py:77 | scrape_data() | cannot access local variable 'posted_time' where it is not associated with a value
2026-04-20 01:47:41,021 | INFO | mainscrip.py:34 | internshala() | Scraped data from page 11
2026-04-20 01:47:41,021 | ERROR | db_manager.py:52 | manage_operation() | 'NoneType' object is not iterable
2026-04-20 01:47:41,021 | INFO | mainscrip.py:36 | internshala() | inserted the data into the tables..
2026-04-20 01:47:41,739 | ERROR | extractor.py:77 | scrape_data() | cannot access local variable 'posted_time' where it is not associated with a value
2026-04-20 01:47:41,740 | INFO | mainscrip.py:34 | internshala() | Scraped data from page 12
2026-04-20 01:47:41,740 | ERROR | db_manager.py:52 | manage_operation() | 'NoneType' object is not iterable
2026-04-20 01:47:41,740 | INFO | mainscrip.py:36 | internshala() | inserted the data into the tables..
2026-04-20 01:47:42,373 | ERROR | extractor.py:77 | scrape_data() | cannot access local variable 'posted_time' where it is not associated with a value
2026-04-20 01:47:42,373 | INFO | mainscrip.py:34 | internshala() | Scraped data from page 13
2026-04-20 01:47:42,373 | ERROR | db_manager.py:52 | manage_operation() | 'NoneType' object is not iterable
2026-04-20 01:47:42,374 | INFO | mainscrip.py:36 | internshala() | inserted the data into the tables..
2026-04-20 01:47:43,276 | ERROR | extractor.py:77 | scrape_data() | cannot access local variable 'posted_time' where it is not associated with a value
2026-04-20 01:47:43,277 | INFO | mainscrip.py:34 | internshala() | Scraped data from page 14
2026-04-20 01:47:43,277 | ERROR | db_manager.py:52 | manage_operation() | 'NoneType' object is not iterable
2026-04-20 01:47:43,277 | INFO | mainscrip.py:36 | internshala() | inserted the data into the tables..
2026-04-20 01:47:44,100 | ERROR | extractor.py:77 | scrape_data() | cannot access local variable 'posted_time' where it is not associated with a value
2026-04-20 01:47:44,101 | INFO | mainscrip.py:34 | internshala() | Scraped data from page 15
2026-04-20 01:47:44,101 | ERROR | db_manager.py:52 | manage_operation() | 'NoneType' object is not iterable
2026-04-20 01:47:44,101 | INFO | mainscrip.py:36 | internshala() | inserted the data into the tables..
2026-04-20 01:47:44,822 | ERROR | extractor.py:77 | scrape_data() | cannot access local variable 'posted_time' where it is not associated with a value
2026-04-20 01:47:44,822 | INFO | mainscrip.py:34 | internshala() | Scraped data from page 16
2026-04-20 01:47:44,823 | ERROR | db_manager.py:52 | manage_operation() | 'NoneType' object is not iterable
2026-04-20 01:47:44,823 | INFO | mainscrip.py:36 | internshala() | inserted the data into the tables..
2026-04-20 01:47:46,447 | ERROR | extractor.py:77 | scrape_data() | cannot access local variable 'posted_time' where it is not associated with a value
2026-04-20 01:47:46,447 | INFO | mainscrip.py:34 | internshala() | Scraped data from page 17
2026-04-20 01:47:46,448 | ERROR | db_manager.py:52 | manage_operation() | 'NoneType' object is not iterable
2026-04-20 01:47:46,448 | INFO | mainscrip.py:36 | internshala() | inserted the data into the tables..
2026-04-20 01:47:47,107 | ERROR | extractor.py:77 | scrape_data() | cannot access local variable 'posted_time' where it is not associated with a value
2026-04-20 01:47:47,107 | INFO | mainscrip.py:34 | internshala() | Scraped data from page 18
2026-04-20 01:47:47,108 | ERROR | db_manager.py:52 | manage_operation() | 'NoneType' object is not iterable
2026-04-20 01:47:47,108 | INFO | mainscrip.py:36 | internshala() | inserted the data into the tables..
2026-04-20 01:47:47,764 | ERROR | extractor.py:77 | scrape_data() | cannot access local variable 'posted_time' where it is not associated with a value
2026-04-20 01:47:47,765 | INFO | mainscrip.py:34 | internshala() | Scraped data from page 19
2026-04-20 01:47:47,765 | ERROR | db_manager.py:52 | manage_operation() | 'NoneType' object is not iterable
2026-04-20 01:47:47,765 | INFO | mainscrip.py:36 | internshala() | inserted the data into the tables..
2026-04-20 01:47:48,233 | ERROR | extractor.py:77 | scrape_data() | cannot access local variable 'posted_time' where it is not associated with a value
2026-04-20 01:47:48,233 | INFO | mainscrip.py:34 | internshala() | Scraped data from page 20
2026-04-20 01:47:48,233 | ERROR | db_manager.py:52 | manage_operation() | 'NoneType' object is not iterable
2026-04-20 01:47:48,234 | INFO | mainscrip.py:36 | internshala() | inserted the data into the tables..
2026-04-20 01:57:58,316 | INFO | mainscrip.py:23 | <module>() | Execution started..
2026-04-20 01:57:59,121 | INFO | mainscrip.py:34 | internshala() | Scraped data from page 1
2026-04-20 01:57:59,124 | INFO | mainscrip.py:36 | internshala() | inserted the data into the tables..
2026-04-20 01:57:59,845 | INFO | mainscrip.py:34 | internshala() | Scraped data from page 2
2026-04-20 01:57:59,850 | INFO | mainscrip.py:36 | internshala() | inserted the data into the tables..
2026-04-20 01:58:00,628 | INFO | mainscrip.py:34 | internshala() | Scraped data from page 3
2026-04-20 01:58:00,631 | INFO | mainscrip.py:36 | internshala() | inserted the data into the tables..
2026-04-20 01:58:01,548 | INFO | mainscrip.py:34 | internshala() | Scraped data from page 4
2026-04-20 01:58:01,551 | INFO | mainscrip.py:36 | internshala() | inserted the data into the tables..
2026-04-20 01:58:02,368 | INFO | mainscrip.py:34 | internshala() | Scraped data from page 5
2026-04-20 01:58:02,371 | INFO | mainscrip.py:36 | internshala() | inserted the data into the tables..
2026-04-20 01:58:03,256 | INFO | mainscrip.py:34 | internshala() | Scraped data from page 6
2026-04-20 01:58:03,260 | INFO | mainscrip.py:36 | internshala() | inserted the data into the tables..
2026-04-20 01:58:04,091 | INFO | mainscrip.py:34 | internshala() | Scraped data from page 7
2026-04-20 01:58:04,095 | INFO | mainscrip.py:36 | internshala() | inserted the data into the tables..
2026-04-20 01:58:04,785 | INFO | mainscrip.py:34 | internshala() | Scraped data from page 8
2026-04-20 01:58:04,790 | INFO | mainscrip.py:36 | internshala() | inserted the data into the tables..
2026-04-20 01:58:05,529 | INFO | mainscrip.py:34 | internshala() | Scraped data from page 9
2026-04-20 01:58:05,533 | INFO | mainscrip.py:36 | internshala() | inserted the data into the tables..
2026-04-20 01:58:06,329 | INFO | mainscrip.py:34 | internshala() | Scraped data from page 10
2026-04-20 01:58:06,334 | INFO | mainscrip.py:36 | internshala() | inserted the data into the tables..
2026-04-20 01:58:07,129 | INFO | mainscrip.py:34 | internshala() | Scraped data from page 11
2026-04-20 01:58:07,129 | INFO | mainscrip.py:36 | internshala() | inserted the data into the tables..
2026-04-20 01:58:07,836 | INFO | mainscrip.py:34 | internshala() | Scraped data from page 12
2026-04-20 01:58:07,837 | INFO | mainscrip.py:36 | internshala() | inserted the data into the tables..
2026-04-20 01:58:08,636 | INFO | mainscrip.py:34 | internshala() | Scraped data from page 13
2026-04-20 01:58:08,637 | INFO | mainscrip.py:36 | internshala() | inserted the data into the tables..
2026-04-20 01:58:09,324 | INFO | mainscrip.py:34 | internshala() | Scraped data from page 14
2026-04-20 01:58:09,325 | INFO | mainscrip.py:36 | internshala() | inserted the data into the tables..
2026-04-20 01:58:09,991 | INFO | mainscrip.py:34 | internshala() | Scraped data from page 15
2026-04-20 01:58:09,991 | INFO | mainscrip.py:36 | internshala() | inserted the data into the tables..
2026-04-20 01:58:10,990 | INFO | mainscrip.py:34 | internshala() | Scraped data from page 16
2026-04-20 01:58:10,994 | INFO | mainscrip.py:36 | internshala() | inserted the data into the tables..
2026-04-20 01:58:11,795 | INFO | mainscrip.py:34 | internshala() | Scraped data from page 17
2026-04-20 01:58:11,801 | INFO | mainscrip.py:36 | internshala() | inserted the data into the tables..
2026-04-20 01:58:12,622 | INFO | mainscrip.py:34 | internshala() | Scraped data from page 18
2026-04-20 01:58:12,628 | INFO | mainscrip.py:36 | internshala() | inserted the data into the tables..
2026-04-20 01:58:13,350 | INFO | mainscrip.py:34 | internshala() | Scraped data from page 19
2026-04-20 01:58:13,356 | INFO | mainscrip.py:36 | internshala() | inserted the data into the tables..
2026-04-20 01:58:14,006 | INFO | mainscrip.py:34 | internshala() | Scraped data from page 20
2026-04-20 01:58:14,010 | INFO | mainscrip.py:36 | internshala() | inserted the data into the tables..
2026-04-20 15:56:05,197 | INFO | mainscrip.py:23 | <module>() | Execution started..
2026-04-20 15:56:06,662 | INFO | mainscrip.py:34 | internshala() | Scraped data from page 1
2026-04-20 15:56:06,666 | INFO | mainscrip.py:36 | internshala() | inserted the data into the tables..
2026-04-20 15:56:07,856 | INFO | mainscrip.py:34 | internshala() | Scraped data from page 2
2026-04-20 15:56:07,859 | INFO | mainscrip.py:36 | internshala() | inserted the data into the tables..
2026-04-20 15:56:08,557 | INFO | mainscrip.py:34 | internshala() | Scraped data from page 3
2026-04-20 15:56:08,560 | INFO | mainscrip.py:36 | internshala() | inserted the data into the tables..
2026-04-20 15:56:09,255 | INFO | mainscrip.py:34 | internshala() | Scraped data from page 4
2026-04-20 15:56:09,260 | INFO | mainscrip.py:36 | internshala() | inserted the data into the tables..
2026-04-20 15:56:09,946 | INFO | mainscrip.py:34 | internshala() | Scraped data from page 5
2026-04-20 15:56:09,950 | INFO | mainscrip.py:36 | internshala() | inserted the data into the tables..
2026-04-20 15:56:10,668 | INFO | mainscrip.py:34 | internshala() | Scraped data from page 6
2026-04-20 15:56:10,672 | INFO | mainscrip.py:36 | internshala() | inserted the data into the tables..
2026-04-20 15:56:11,273 | INFO | mainscrip.py:34 | internshala() | Scraped data from page 7
2026-04-20 15:56:11,276 | INFO | mainscrip.py:36 | internshala() | inserted the data into the tables..
2026-04-20 15:56:11,981 | INFO | mainscrip.py:34 | internshala() | Scraped data from page 8
2026-04-20 15:56:11,984 | INFO | mainscrip.py:36 | internshala() | inserted the data into the tables..
2026-04-20 15:56:12,959 | INFO | mainscrip.py:34 | internshala() | Scraped data from page 9
2026-04-20 15:56:12,963 | INFO | mainscrip.py:36 | internshala() | inserted the data into the tables..
2026-04-20 15:56:13,591 | INFO | mainscrip.py:34 | internshala() | Scraped data from page 10
2026-04-20 15:56:13,595 | INFO | mainscrip.py:36 | internshala() | inserted the data into the tables..
2026-04-20 15:56:14,681 | INFO | mainscrip.py:34 | internshala() | Scraped data from page 11
2026-04-20 15:56:14,681 | INFO | mainscrip.py:36 | internshala() | inserted the data into the tables..
2026-04-20 15:56:15,431 | INFO | mainscrip.py:34 | internshala() | Scraped data from page 12
2026-04-20 15:56:15,431 | INFO | mainscrip.py:36 | internshala() | inserted the data into the tables..
2026-04-20 15:56:16,475 | INFO | mainscrip.py:34 | internshala() | Scraped data from page 13
2026-04-20 15:56:16,476 | INFO | mainscrip.py:36 | internshala() | inserted the data into the tables..
2026-04-20 15:56:17,366 | INFO | mainscrip.py:34 | internshala() | Scraped data from page 14
2026-04-20 15:56:17,367 | INFO | mainscrip.py:36 | internshala() | inserted the data into the tables..
2026-04-20 15:56:18,203 | INFO | mainscrip.py:34 | internshala() | Scraped data from page 15
2026-04-20 15:56:18,203 | INFO | mainscrip.py:36 | internshala() | inserted the data into the tables..
2026-04-20 15:56:19,034 | INFO | mainscrip.py:34 | internshala() | Scraped data from page 16
2026-04-20 15:56:19,038 | INFO | mainscrip.py:36 | internshala() | inserted the data into the tables..
2026-04-20 15:56:19,636 | INFO | mainscrip.py:34 | internshala() | Scraped data from page 17
2026-04-20 15:56:19,640 | INFO | mainscrip.py:36 | internshala() | inserted the data into the tables..
2026-04-20 15:56:20,239 | INFO | mainscrip.py:34 | internshala() | Scraped data from page 18
2026-04-20 15:56:20,245 | INFO | mainscrip.py:36 | internshala() | inserted the data into the tables..
2026-04-20 15:56:20,858 | INFO | mainscrip.py:34 | internshala() | Scraped data from page 19
2026-04-20 15:56:20,864 | INFO | mainscrip.py:36 | internshala() | inserted the data into the tables..
2026-04-20 15:56:21,674 | INFO | mainscrip.py:34 | internshala() | Scraped data from page 20
2026-04-20 15:56:21,680 | INFO | mainscrip.py:36 | internshala() | inserted the data into the tables..
2026-05-07 23:45:08,020 | INFO | mainscrip.py:23 | <module>() | Execution started..
2026-05-07 23:45:09,761 | INFO | mainscrip.py:34 | internshala() | Scraped data from page 1
2026-05-07 23:45:09,788 | INFO | mainscrip.py:36 | internshala() | inserted the data into the tables..
2026-05-07 23:45:11,326 | INFO | mainscrip.py:34 | internshala() | Scraped data from page 2
2026-05-07 23:45:11,363 | INFO | mainscrip.py:36 | internshala() | inserted the data into the tables..
2026-05-07 23:45:12,884 | INFO | mainscrip.py:34 | internshala() | Scraped data from page 3
2026-05-07 23:45:12,922 | INFO | mainscrip.py:36 | internshala() | inserted the data into the tables..
2026-05-07 23:45:14,493 | INFO | mainscrip.py:34 | internshala() | Scraped data from page 4
2026-05-07 23:45:14,517 | INFO | mainscrip.py:36 | internshala() | inserted the data into the tables..
2026-05-07 23:45:16,135 | INFO | mainscrip.py:34 | internshala() | Scraped data from page 5
2026-05-07 23:45:16,160 | INFO | mainscrip.py:36 | internshala() | inserted the data into the tables..
2026-05-07 23:45:17,962 | INFO | mainscrip.py:34 | internshala() | Scraped data from page 6
2026-05-07 23:45:17,987 | INFO | mainscrip.py:36 | internshala() | inserted the data into the tables..
2026-05-07 23:45:19,512 | INFO | mainscrip.py:34 | internshala() | Scraped data from page 7
2026-05-07 23:45:19,539 | INFO | mainscrip.py:36 | internshala() | inserted the data into the tables..
2026-05-07 23:45:21,076 | INFO | mainscrip.py:34 | internshala() | Scraped data from page 8
2026-05-07 23:45:21,097 | INFO | mainscrip.py:36 | internshala() | inserted the data into the tables..
2026-05-07 23:45:22,668 | INFO | mainscrip.py:34 | internshala() | Scraped data from page 9
2026-05-07 23:45:22,685 | INFO | mainscrip.py:36 | internshala() | inserted the data into the tables..
2026-05-07 23:45:24,270 | INFO | mainscrip.py:34 | internshala() | Scraped data from page 10
2026-05-07 23:45:24,272 | INFO | mainscrip.py:36 | internshala() | inserted the data into the tables..
2026-05-07 23:45:25,720 | INFO | mainscrip.py:34 | internshala() | Scraped data from page 11
2026-05-07 23:45:25,721 | INFO | mainscrip.py:36 | internshala() | inserted the data into the tables..
2026-05-07 23:45:27,479 | INFO | mainscrip.py:34 | internshala() | Scraped data from page 12
2026-05-07 23:45:27,480 | INFO | mainscrip.py:36 | internshala() | inserted the data into the tables..
2026-05-07 23:45:29,174 | INFO | mainscrip.py:34 | internshala() | Scraped data from page 13
2026-05-07 23:45:29,175 | INFO | mainscrip.py:36 | internshala() | inserted the data into the tables..
2026-05-07 23:45:31,454 | INFO | mainscrip.py:34 | internshala() | Scraped data from page 14
2026-05-07 23:45:31,455 | INFO | mainscrip.py:36 | internshala() | inserted the data into the tables..
2026-05-07 23:45:33,193 | INFO | mainscrip.py:34 | internshala() | Scraped data from page 15
2026-05-07 23:45:33,194 | INFO | mainscrip.py:36 | internshala() | inserted the data into the tables..
2026-05-07 23:45:34,965 | INFO | mainscrip.py:34 | internshala() | Scraped data from page 16
2026-05-07 23:45:34,977 | INFO | mainscrip.py:36 | internshala() | inserted the data into the tables..
2026-05-07 23:45:36,619 | INFO | mainscrip.py:34 | internshala() | Scraped data from page 17
2026-05-07 23:45:36,621 | INFO | mainscrip.py:36 | internshala() | inserted the data into the tables..
2026-05-07 23:45:37,987 | INFO | mainscrip.py:34 | internshala() | Scraped data from page 18
2026-05-07 23:45:38,003 | INFO | mainscrip.py:36 | internshala() | inserted the data into the tables..
2026-05-07 23:45:39,606 | INFO | mainscrip.py:34 | internshala() | Scraped data from page 19
2026-05-07 23:45:39,630 | INFO | mainscrip.py:36 | internshala() | inserted the data into the tables..
2026-05-07 23:45:41,551 | INFO | mainscrip.py:34 | internshala() | Scraped data from page 20
2026-05-07 23:45:41,565 | INFO | mainscrip.py:36 | internshala() | inserted the data into the tables..
2026-05-10 21:50:28,669 | INFO | mainscript.py:23 | <module>() | Execution started..
2026-05-10 21:50:44,872 | INFO | mainscript.py:23 | <module>() | Execution started..
2026-05-10 21:50:46,284 | INFO | mainscript.py:34 | internshala() | Scraped data from page 1
2026-05-10 21:50:46,290 | INFO | mainscript.py:36 | internshala() | Inserted data into jobs.db
2026-05-10 21:50:46,295 | INFO | mainscript.py:38 | internshala() | Inserted data into rawData.db
2026-05-10 21:50:47,381 | INFO | mainscript.py:34 | internshala() | Scraped data from page 2
2026-05-10 21:50:47,389 | INFO | mainscript.py:36 | internshala() | Inserted data into jobs.db
2026-05-10 21:50:47,395 | INFO | mainscript.py:38 | internshala() | Inserted data into rawData.db
2026-05-10 21:50:48,492 | INFO | mainscript.py:34 | internshala() | Scraped data from page 3
2026-05-10 21:50:48,500 | INFO | mainscript.py:36 | internshala() | Inserted data into jobs.db
2026-05-10 21:50:48,505 | INFO | mainscript.py:38 | internshala() | Inserted data into rawData.db
2026-05-10 21:50:49,659 | INFO | mainscript.py:34 | internshala() | Scraped data from page 4
2026-05-10 21:50:49,667 | INFO | mainscript.py:36 | internshala() | Inserted data into jobs.db
2026-05-10 21:50:49,673 | INFO | mainscript.py:38 | internshala() | Inserted data into rawData.db
2026-05-10 21:50:50,756 | INFO | mainscript.py:34 | internshala() | Scraped data from page 5
2026-05-10 21:50:50,764 | INFO | mainscript.py:36 | internshala() | Inserted data into jobs.db
2026-05-10 21:50:50,769 | INFO | mainscript.py:38 | internshala() | Inserted data into rawData.db
2026-05-10 21:50:51,886 | INFO | mainscript.py:34 | internshala() | Scraped data from page 6
2026-05-10 21:50:51,893 | INFO | mainscript.py:36 | internshala() | Inserted data into jobs.db
2026-05-10 21:50:51,898 | INFO | mainscript.py:38 | internshala() | Inserted data into rawData.db
2026-05-10 21:50:52,990 | INFO | mainscript.py:34 | internshala() | Scraped data from page 7
2026-05-10 21:50:52,998 | INFO | mainscript.py:36 | internshala() | Inserted data into jobs.db
2026-05-10 21:50:53,004 | INFO | mainscript.py:38 | internshala() | Inserted data into rawData.db
2026-05-10 21:50:54,154 | INFO | mainscript.py:34 | internshala() | Scraped data from page 8
2026-05-10 21:50:54,162 | INFO | mainscript.py:36 | internshala() | Inserted data into jobs.db
2026-05-10 21:50:54,168 | INFO | mainscript.py:38 | internshala() | Inserted data into rawData.db
2026-05-10 21:50:55,358 | INFO | mainscript.py:34 | internshala() | Scraped data from page 9
2026-05-10 21:50:55,364 | INFO | mainscript.py:36 | internshala() | Inserted data into jobs.db
2026-05-10 21:50:55,370 | INFO | mainscript.py:38 | internshala() | Inserted data into rawData.db
2026-05-10 21:50:56,461 | INFO | mainscript.py:34 | internshala() | Scraped data from page 10
2026-05-10 21:50:56,465 | INFO | mainscript.py:36 | internshala() | Inserted data into jobs.db
2026-05-10 21:50:56,476 | INFO | mainscript.py:38 | internshala() | Inserted data into rawData.db
2026-05-10 21:50:57,475 | INFO | mainscript.py:34 | internshala() | Scraped data from page 11
2026-05-10 21:50:57,476 | INFO | mainscript.py:36 | internshala() | Inserted data into jobs.db
2026-05-10 21:50:57,485 | INFO | mainscript.py:38 | internshala() | Inserted data into rawData.db
2026-05-10 21:50:58,593 | INFO | mainscript.py:34 | internshala() | Scraped data from page 12
2026-05-10 21:50:58,593 | INFO | mainscript.py:36 | internshala() | Inserted data into jobs.db
2026-05-10 21:50:58,600 | INFO | mainscript.py:38 | internshala() | Inserted data into rawData.db
2026-05-10 21:50:59,638 | INFO | mainscript.py:34 | internshala() | Scraped data from page 13
2026-05-10 21:50:59,638 | INFO | mainscript.py:36 | internshala() | Inserted data into jobs.db
2026-05-10 21:50:59,645 | INFO | mainscript.py:38 | internshala() | Inserted data into rawData.db
2026-05-10 21:51:00,797 | INFO | mainscript.py:34 | internshala() | Scraped data from page 14
2026-05-10 21:51:00,798 | INFO | mainscript.py:36 | internshala() | Inserted data into jobs.db
2026-05-10 21:51:00,804 | INFO | mainscript.py:38 | internshala() | Inserted data into rawData.db
2026-05-10 21:51:02,105 | INFO | mainscript.py:34 | internshala() | Scraped data from page 15
2026-05-10 21:51:02,105 | INFO | mainscript.py:36 | internshala() | Inserted data into jobs.db
2026-05-10 21:51:02,113 | INFO | mainscript.py:38 | internshala() | Inserted data into rawData.db
2026-05-10 21:51:03,281 | INFO | mainscript.py:34 | internshala() | Scraped data from page 16
2026-05-10 21:51:03,282 | INFO | mainscript.py:36 | internshala() | Inserted data into jobs.db
2026-05-10 21:51:03,291 | INFO | mainscript.py:38 | internshala() | Inserted data into rawData.db
2026-05-10 21:51:04,479 | INFO | mainscript.py:34 | internshala() | Scraped data from page 17
2026-05-10 21:51:04,484 | INFO | mainscript.py:36 | internshala() | Inserted data into jobs.db
2026-05-10 21:51:04,490 | INFO | mainscript.py:38 | internshala() | Inserted data into rawData.db
2026-05-10 21:51:05,726 | INFO | mainscript.py:34 | internshala() | Scraped data from page 18
2026-05-10 21:51:05,732 | INFO | mainscript.py:36 | internshala() | Inserted data into jobs.db
2026-05-10 21:51:05,739 | INFO | mainscript.py:38 | internshala() | Inserted data into rawData.db
2026-05-10 21:51:06,891 | INFO | mainscript.py:34 | internshala() | Scraped data from page 19
2026-05-10 21:51:06,900 | INFO | mainscript.py:36 | internshala() | Inserted data into jobs.db
2026-05-10 21:51:06,906 | INFO | mainscript.py:38 | internshala() | Inserted data into rawData.db
2026-05-10 21:51:08,065 | INFO | mainscript.py:34 | internshala() | Scraped data from page 20
2026-05-10 21:51:08,074 | INFO | mainscript.py:36 | internshala() | Inserted data into jobs.db
2026-05-10 21:51:08,080 | INFO | mainscript.py:38 | internshala() | Inserted data into rawData.db
2026-05-15 00:12:24,679 | INFO | mainscript.py:23 | <module>() | Execution started..
2026-05-15 00:12:25,697 | INFO | mainscript.py:34 | internshala() | Scraped data from page 1
2026-05-15 00:12:25,698 | ERROR | db_manager.py:55 | manage_operation() | table jobs has no column named minsal
2026-05-15 00:12:25,698 | INFO | mainscript.py:36 | internshala() | Inserted data into jobs.db
2026-05-15 00:12:25,706 | INFO | mainscript.py:38 | internshala() | Inserted data into rawData.db
2026-05-15 00:12:26,640 | INFO | mainscript.py:34 | internshala() | Scraped data from page 2
2026-05-15 00:12:26,641 | ERROR | db_manager.py:55 | manage_operation() | table jobs has no column named minsal
2026-05-15 00:12:26,641 | INFO | mainscript.py:36 | internshala() | Inserted data into jobs.db
2026-05-15 00:12:26,649 | INFO | mainscript.py:38 | internshala() | Inserted data into rawData.db
2026-05-15 00:12:27,466 | INFO | mainscript.py:34 | internshala() | Scraped data from page 3
2026-05-15 00:12:27,467 | ERROR | db_manager.py:55 | manage_operation() | table jobs has no column named minsal
2026-05-15 00:12:27,467 | INFO | mainscript.py:36 | internshala() | Inserted data into jobs.db
2026-05-15 00:12:27,475 | INFO | mainscript.py:38 | internshala() | Inserted data into rawData.db
2026-05-15 00:12:28,389 | INFO | mainscript.py:34 | internshala() | Scraped data from page 4
2026-05-15 00:12:28,390 | ERROR | db_manager.py:55 | manage_operation() | table jobs has no column named minsal
2026-05-15 00:12:28,390 | INFO | mainscript.py:36 | internshala() | Inserted data into jobs.db
2026-05-15 00:12:28,397 | INFO | mainscript.py:38 | internshala() | Inserted data into rawData.db
2026-05-15 00:12:29,424 | INFO | mainscript.py:34 | internshala() | Scraped data from page 5
2026-05-15 00:12:29,425 | ERROR | db_manager.py:55 | manage_operation() | table jobs has no column named minsal
2026-05-15 00:12:29,425 | INFO | mainscript.py:36 | internshala() | Inserted data into jobs.db
2026-05-15 00:12:29,432 | INFO | mainscript.py:38 | internshala() | Inserted data into rawData.db
2026-05-15 00:12:30,276 | INFO | mainscript.py:34 | internshala() | Scraped data from page 6
2026-05-15 00:12:30,277 | ERROR | db_manager.py:55 | manage_operation() | table jobs has no column named minsal
2026-05-15 00:12:30,277 | INFO | mainscript.py:36 | internshala() | Inserted data into jobs.db
2026-05-15 00:12:30,283 | INFO | mainscript.py:38 | internshala() | Inserted data into rawData.db
2026-05-15 00:12:31,144 | INFO | mainscript.py:34 | internshala() | Scraped data from page 7
2026-05-15 00:12:31,144 | ERROR | db_manager.py:55 | manage_operation() | table jobs has no column named minsal
2026-05-15 00:12:31,145 | INFO | mainscript.py:36 | internshala() | Inserted data into jobs.db
2026-05-15 00:12:31,152 | INFO | mainscript.py:38 | internshala() | Inserted data into rawData.db
2026-05-15 00:12:31,997 | INFO | mainscript.py:34 | internshala() | Scraped data from page 8
2026-05-15 00:12:31,998 | ERROR | db_manager.py:55 | manage_operation() | table jobs has no column named minsal
2026-05-15 00:12:31,998 | INFO | mainscript.py:36 | internshala() | Inserted data into jobs.db
2026-05-15 00:12:32,006 | INFO | mainscript.py:38 | internshala() | Inserted data into rawData.db
2026-05-15 00:12:32,877 | INFO | mainscript.py:34 | internshala() | Scraped data from page 9
2026-05-15 00:12:32,878 | ERROR | db_manager.py:55 | manage_operation() | table jobs has no column named minsal
2026-05-15 00:12:32,878 | INFO | mainscript.py:36 | internshala() | Inserted data into jobs.db
2026-05-15 00:12:32,885 | INFO | mainscript.py:38 | internshala() | Inserted data into rawData.db
2026-05-15 00:12:33,794 | INFO | mainscript.py:34 | internshala() | Scraped data from page 10
2026-05-15 00:12:33,795 | ERROR | db_manager.py:55 | manage_operation() | table jobs has no column named minsal
2026-05-15 00:12:33,795 | INFO | mainscript.py:36 | internshala() | Inserted data into jobs.db
2026-05-15 00:12:33,802 | INFO | mainscript.py:38 | internshala() | Inserted data into rawData.db
2026-05-15 00:12:34,666 | INFO | mainscript.py:34 | internshala() | Scraped data from page 11
2026-05-15 00:12:34,667 | INFO | mainscript.py:36 | internshala() | Inserted data into jobs.db
2026-05-15 00:12:34,675 | INFO | mainscript.py:38 | internshala() | Inserted data into rawData.db
2026-05-15 00:12:35,570 | INFO | mainscript.py:34 | internshala() | Scraped data from page 12
2026-05-15 00:12:35,571 | INFO | mainscript.py:36 | internshala() | Inserted data into jobs.db
2026-05-15 00:12:35,578 | INFO | mainscript.py:38 | internshala() | Inserted data into rawData.db
2026-05-15 00:12:36,370 | INFO | mainscript.py:34 | internshala() | Scraped data from page 13
2026-05-15 00:12:36,371 | INFO | mainscript.py:36 | internshala() | Inserted data into jobs.db
2026-05-15 00:12:36,378 | INFO | mainscript.py:38 | internshala() | Inserted data into rawData.db
2026-05-15 00:12:38,133 | INFO | mainscript.py:34 | internshala() | Scraped data from page 14
2026-05-15 00:12:38,133 | INFO | mainscript.py:36 | internshala() | Inserted data into jobs.db
2026-05-15 00:12:38,141 | INFO | mainscript.py:38 | internshala() | Inserted data into rawData.db
2026-05-15 00:12:38,960 | INFO | mainscript.py:34 | internshala() | Scraped data from page 15
2026-05-15 00:12:38,960 | INFO | mainscript.py:36 | internshala() | Inserted data into jobs.db
2026-05-15 00:12:38,969 | INFO | mainscript.py:38 | internshala() | Inserted data into rawData.db
2026-05-15 00:12:39,947 | INFO | mainscript.py:34 | internshala() | Scraped data from page 16
2026-05-15 00:12:39,947 | INFO | mainscript.py:36 | internshala() | Inserted data into jobs.db
2026-05-15 00:12:39,956 | INFO | mainscript.py:38 | internshala() | Inserted data into rawData.db
2026-05-15 00:12:40,856 | INFO | mainscript.py:34 | internshala() | Scraped data from page 17
2026-05-15 00:12:40,857 | ERROR | db_manager.py:55 | manage_operation() | table jobs has no column named minsal
2026-05-15 00:12:40,857 | INFO | mainscript.py:36 | internshala() | Inserted data into jobs.db
2026-05-15 00:12:40,865 | INFO | mainscript.py:38 | internshala() | Inserted data into rawData.db
2026-05-15 00:12:41,908 | INFO | mainscript.py:34 | internshala() | Scraped data from page 18
2026-05-15 00:12:41,911 | ERROR | db_manager.py:55 | manage_operation() | table jobs has no column named minsal
2026-05-15 00:12:41,911 | INFO | mainscript.py:36 | internshala() | Inserted data into jobs.db
2026-05-15 00:12:41,918 | INFO | mainscript.py:38 | internshala() | Inserted data into rawData.db
2026-05-15 00:12:42,978 | INFO | mainscript.py:34 | internshala() | Scraped data from page 19
2026-05-15 00:12:42,979 | ERROR | db_manager.py:55 | manage_operation() | table jobs has no column named minsal
2026-05-15 00:12:42,979 | INFO | mainscript.py:36 | internshala() | Inserted data into jobs.db
2026-05-15 00:12:42,989 | INFO | mainscript.py:38 | internshala() | Inserted data into rawData.db
2026-05-15 00:12:43,965 | INFO | mainscript.py:34 | internshala() | Scraped data from page 20
2026-05-15 00:12:43,965 | ERROR | db_manager.py:55 | manage_operation() | table jobs has no column named minsal
2026-05-15 00:12:43,966 | INFO | mainscript.py:36 | internshala() | Inserted data into jobs.db
2026-05-15 00:12:43,974 | INFO | mainscript.py:38 | internshala() | Inserted data into rawData.db
2026-05-15 00:48:33,219 | INFO | mainscript.py:23 | <module>() | Execution started..
2026-05-15 00:48:34,473 | INFO | mainscript.py:34 | internshala() | Scraped data from page 1
2026-05-15 00:48:34,483 | INFO | mainscript.py:36 | internshala() | Inserted data into jobs.db
2026-05-15 00:48:34,493 | INFO | mainscript.py:38 | internshala() | Inserted data into rawData.db
2026-05-15 00:48:35,606 | INFO | mainscript.py:34 | internshala() | Scraped data from page 2
2026-05-15 00:48:35,614 | INFO | mainscript.py:36 | internshala() | Inserted data into jobs.db
2026-05-15 00:48:35,621 | INFO | mainscript.py:38 | internshala() | Inserted data into rawData.db
2026-05-15 00:48:36,931 | INFO | mainscript.py:34 | internshala() | Scraped data from page 3
2026-05-15 00:48:36,937 | INFO | mainscript.py:36 | internshala() | Inserted data into jobs.db
2026-05-15 00:48:36,942 | INFO | mainscript.py:38 | internshala() | Inserted data into rawData.db
2026-05-15 00:48:37,663 | INFO | mainscript.py:34 | internshala() | Scraped data from page 4
2026-05-15 00:48:37,681 | INFO | mainscript.py:36 | internshala() | Inserted data into jobs.db
2026-05-15 00:48:37,685 | INFO | mainscript.py:38 | internshala() | Inserted data into rawData.db
2026-05-15 00:48:38,458 | INFO | mainscript.py:34 | internshala() | Scraped data from page 5
2026-05-15 00:48:38,479 | INFO | mainscript.py:36 | internshala() | Inserted data into jobs.db
2026-05-15 00:48:38,483 | INFO | mainscript.py:38 | internshala() | Inserted data into rawData.db
2026-05-15 00:48:39,519 | INFO | mainscript.py:34 | internshala() | Scraped data from page 6
2026-05-15 00:48:39,546 | INFO | mainscript.py:36 | internshala() | Inserted data into jobs.db
2026-05-15 00:48:39,551 | INFO | mainscript.py:38 | internshala() | Inserted data into rawData.db
2026-05-15 00:48:40,319 | INFO | mainscript.py:34 | internshala() | Scraped data from page 7
2026-05-15 00:48:40,325 | INFO | mainscript.py:36 | internshala() | Inserted data into jobs.db
2026-05-15 00:48:40,329 | INFO | mainscript.py:38 | internshala() | Inserted data into rawData.db
2026-05-15 00:48:41,126 | INFO | mainscript.py:34 | internshala() | Scraped data from page 8
2026-05-15 00:48:41,135 | INFO | mainscript.py:36 | internshala() | Inserted data into jobs.db
2026-05-15 00:48:41,139 | INFO | mainscript.py:38 | internshala() | Inserted data into rawData.db
2026-05-15 00:48:41,991 | INFO | mainscript.py:34 | internshala() | Scraped data from page 9
2026-05-15 00:48:42,017 | INFO | mainscript.py:36 | internshala() | Inserted data into jobs.db
2026-05-15 00:48:42,021 | INFO | mainscript.py:38 | internshala() | Inserted data into rawData.db
2026-05-15 00:48:43,075 | INFO | mainscript.py:34 | internshala() | Scraped data from page 10
2026-05-15 00:48:43,081 | INFO | mainscript.py:36 | internshala() | Inserted data into jobs.db
2026-05-15 00:48:43,087 | INFO | mainscript.py:38 | internshala() | Inserted data into rawData.db
2026-05-15 00:48:44,042 | INFO | mainscript.py:34 | internshala() | Scraped data from page 11
2026-05-15 00:48:44,043 | INFO | mainscript.py:36 | internshala() | Inserted data into jobs.db
2026-05-15 00:48:44,047 | INFO | mainscript.py:38 | internshala() | Inserted data into rawData.db
2026-05-15 00:48:45,004 | INFO | mainscript.py:34 | internshala() | Scraped data from page 12
2026-05-15 00:48:45,005 | INFO | mainscript.py:36 | internshala() | Inserted data into jobs.db
2026-05-15 00:48:45,018 | INFO | mainscript.py:38 | internshala() | Inserted data into rawData.db
2026-05-15 00:48:45,860 | INFO | mainscript.py:34 | internshala() | Scraped data from page 13
2026-05-15 00:48:45,861 | INFO | mainscript.py:36 | internshala() | Inserted data into jobs.db
2026-05-15 00:48:45,864 | INFO | mainscript.py:38 | internshala() | Inserted data into rawData.db
2026-05-15 00:48:46,761 | INFO | mainscript.py:34 | internshala() | Scraped data from page 14
2026-05-15 00:48:46,762 | INFO | mainscript.py:36 | internshala() | Inserted data into jobs.db
2026-05-15 00:48:46,766 | INFO | mainscript.py:38 | internshala() | Inserted data into rawData.db
2026-05-15 00:48:47,884 | INFO | mainscript.py:34 | internshala() | Scraped data from page 15
2026-05-15 00:48:47,884 | INFO | mainscript.py:36 | internshala() | Inserted data into jobs.db
2026-05-15 00:48:47,888 | INFO | mainscript.py:38 | internshala() | Inserted data into rawData.db
2026-05-15 00:48:48,823 | INFO | mainscript.py:34 | internshala() | Scraped data from page 16
2026-05-15 00:48:48,823 | INFO | mainscript.py:36 | internshala() | Inserted data into jobs.db
2026-05-15 00:48:48,827 | INFO | mainscript.py:38 | internshala() | Inserted data into rawData.db
2026-05-15 00:48:49,818 | INFO | mainscript.py:34 | internshala() | Scraped data from page 17
2026-05-15 00:48:49,822 | INFO | mainscript.py:36 | internshala() | Inserted data into jobs.db
2026-05-15 00:48:49,825 | INFO | mainscript.py:38 | internshala() | Inserted data into rawData.db
2026-05-15 00:48:51,654 | INFO | mainscript.py:34 | internshala() | Scraped data from page 18
2026-05-15 00:48:51,658 | INFO | mainscript.py:36 | internshala() | Inserted data into jobs.db
2026-05-15 00:48:51,661 | INFO | mainscript.py:38 | internshala() | Inserted data into rawData.db
2026-05-15 00:48:52,517 | INFO | mainscript.py:34 | internshala() | Scraped data from page 19
2026-05-15 00:48:52,524 | INFO | mainscript.py:36 | internshala() | Inserted data into jobs.db
2026-05-15 00:48:52,529 | INFO | mainscript.py:38 | internshala() | Inserted data into rawData.db
2026-05-15 00:48:53,423 | INFO | mainscript.py:34 | internshala() | Scraped data from page 20
2026-05-15 00:48:53,446 | INFO | mainscript.py:36 | internshala() | Inserted data into jobs.db
2026-05-15 00:48:53,451 | INFO | mainscript.py:38 | internshala() | Inserted data into rawData.db
2026-05-15 20:44:23,977 | INFO | mainscript.py:23 | <module>() | Execution started..
2026-05-15 20:44:24,016 | ERROR | fetcher.py:13 | get_soup() | HTTPSConnectionPool(host='internshala.com', port=443): Max retries exceeded with url: /jobs/net-development,ai-agent-development,asp-net,android-app-development,angular-js-development,backend-development,cloud-computing,cyber-security,front-end-development,full-stack-development,game-development,java,javascript-development,machine-learning,node-js-development,python-django,web-development-jobs/ (Caused by NameResolutionError("HTTPSConnection(host='internshala.com', port=443): Failed to resolve 'internshala.com' ([Errno 11001] getaddrinfo failed)"))
2026-05-15 20:44:24,017 | ERROR | extractor.py:103 | scrape_data() | 'NoneType' object has no attribute 'find_all'
2026-05-15 20:44:24,018 | INFO | mainscript.py:34 | internshala() | Scraped data from page 1
2026-05-15 20:44:24,019 | INFO | mainscript.py:36 | internshala() | Inserted data into jobs.db
2026-05-15 20:44:24,026 | INFO | mainscript.py:38 | internshala() | Inserted data into rawData.db
2026-05-15 20:44:24,033 | ERROR | fetcher.py:13 | get_soup() | HTTPSConnectionPool(host='internshala.com', port=443): Max retries exceeded with url: /jobs/net-development,ai-agent-development,asp-net,android-app-development,angular-js-development,backend-development,cloud-computing,cyber-security,front-end-development,full-stack-development,game-development,java,javascript-development,machine-learning,node-js-development,python-django,web-development-jobs/page-2 (Caused by NameResolutionError("HTTPSConnection(host='internshala.com', port=443): Failed to resolve 'internshala.com' ([Errno 11001] getaddrinfo failed)"))
2026-05-15 20:44:24,033 | ERROR | extractor.py:103 | scrape_data() | 'NoneType' object has no attribute 'find_all'
2026-05-15 20:44:24,033 | INFO | mainscript.py:34 | internshala() | Scraped data from page 2
2026-05-15 20:44:24,034 | INFO | mainscript.py:36 | internshala() | Inserted data into jobs.db
2026-05-15 20:44:24,036 | INFO | mainscript.py:38 | internshala() | Inserted data into rawData.db
2026-05-15 20:44:24,041 | ERROR | fetcher.py:13 | get_soup() | HTTPSConnectionPool(host='internshala.com', port=443): Max retries exceeded with url: /jobs/net-development,ai-agent-development,asp-net,android-app-development,angular-js-development,backend-development,cloud-computing,cyber-security,front-end-development,full-stack-development,game-development,java,javascript-development,machine-learning,node-js-development,python-django,web-development-jobs/page-3 (Caused by NameResolutionError("HTTPSConnection(host='internshala.com', port=443): Failed to resolve 'internshala.com' ([Errno 11001] getaddrinfo failed)"))
2026-05-15 20:44:24,041 | ERROR | extractor.py:103 | scrape_data() | 'NoneType' object has no attribute 'find_all'
2026-05-15 20:44:24,042 | INFO | mainscript.py:34 | internshala() | Scraped data from page 3
2026-05-15 20:44:24,042 | INFO | mainscript.py:36 | internshala() | Inserted data into jobs.db
2026-05-15 20:44:24,043 | INFO | mainscript.py:38 | internshala() | Inserted data into rawData.db
2026-05-15 20:44:24,047 | ERROR | fetcher.py:13 | get_soup() | HTTPSConnectionPool(host='internshala.com', port=443): Max retries exceeded with url: /jobs/net-development,ai-agent-development,asp-net,android-app-development,angular-js-development,backend-development,cloud-computing,cyber-security,front-end-development,full-stack-development,game-development,java,javascript-development,machine-learning,node-js-development,python-django,web-development-jobs/page-4 (Caused by NameResolutionError("HTTPSConnection(host='internshala.com', port=443): Failed to resolve 'internshala.com' ([Errno 11001] getaddrinfo failed)"))
2026-05-15 20:44:24,047 | ERROR | extractor.py:103 | scrape_data() | 'NoneType' object has no attribute 'find_all'
2026-05-15 20:44:24,047 | INFO | mainscript.py:34 | internshala() | Scraped data from page 4
2026-05-15 20:44:24,049 | INFO | mainscript.py:36 | internshala() | Inserted data into jobs.db
2026-05-15 20:44:24,049 | INFO | mainscript.py:38 | internshala() | Inserted data into rawData.db
2026-05-15 20:44:24,051 | ERROR | fetcher.py:13 | get_soup() | HTTPSConnectionPool(host='internshala.com', port=443): Max retries exceeded with url: /jobs/net-development,ai-agent-development,asp-net,android-app-development,angular-js-development,backend-development,cloud-computing,cyber-security,front-end-development,full-stack-development,game-development,java,javascript-development,machine-learning,node-js-development,python-django,web-development-jobs/page-5 (Caused by NameResolutionError("HTTPSConnection(host='internshala.com', port=443): Failed to resolve 'internshala.com' ([Errno 11001] getaddrinfo failed)"))
2026-05-15 20:44:24,051 | ERROR | extractor.py:103 | scrape_data() | 'NoneType' object has no attribute 'find_all'
2026-05-15 20:44:24,051 | INFO | mainscript.py:34 | internshala() | Scraped data from page 5
2026-05-15 20:44:24,052 | INFO | mainscript.py:36 | internshala() | Inserted data into jobs.db
2026-05-15 20:44:24,052 | INFO | mainscript.py:38 | internshala() | Inserted data into rawData.db
2026-05-15 20:44:24,056 | ERROR | fetcher.py:13 | get_soup() | HTTPSConnectionPool(host='internshala.com', port=443): Max retries exceeded with url: /jobs/net-development,ai-agent-development,asp-net,android-app-development,angular-js-development,backend-development,cloud-computing,cyber-security,front-end-development,full-stack-development,game-development,java,javascript-development,machine-learning,node-js-development,python-django,web-development-jobs/page-6 (Caused by NameResolutionError("HTTPSConnection(host='internshala.com', port=443): Failed to resolve 'internshala.com' ([Errno 11001] getaddrinfo failed)"))
2026-05-15 20:44:24,057 | ERROR | extractor.py:103 | scrape_data() | 'NoneType' object has no attribute 'find_all'
2026-05-15 20:44:24,058 | INFO | mainscript.py:34 | internshala() | Scraped data from page 6
2026-05-15 20:44:24,059 | INFO | mainscript.py:36 | internshala() | Inserted data into jobs.db
2026-05-15 20:44:24,060 | INFO | mainscript.py:38 | internshala() | Inserted data into rawData.db
2026-05-15 20:44:24,065 | ERROR | fetcher.py:13 | get_soup() | HTTPSConnectionPool(host='internshala.com', port=443): Max retries exceeded with url: /jobs/net-development,ai-agent-development,asp-net,android-app-development,angular-js-development,backend-development,cloud-computing,cyber-security,front-end-development,full-stack-development,game-development,java,javascript-development,machine-learning,node-js-development,python-django,web-development-jobs/page-7 (Caused by NameResolutionError("HTTPSConnection(host='internshala.com', port=443): Failed to resolve 'internshala.com' ([Errno 11001] getaddrinfo failed)"))
2026-05-15 20:44:24,066 | ERROR | extractor.py:103 | scrape_data() | 'NoneType' object has no attribute 'find_all'
2026-05-15 20:44:24,066 | INFO | mainscript.py:34 | internshala() | Scraped data from page 7
2026-05-15 20:44:24,067 | INFO | mainscript.py:36 | internshala() | Inserted data into jobs.db
2026-05-15 20:44:24,068 | INFO | mainscript.py:38 | internshala() | Inserted data into rawData.db
2026-05-15 20:44:24,072 | ERROR | fetcher.py:13 | get_soup() | HTTPSConnectionPool(host='internshala.com', port=443): Max retries exceeded with url: /jobs/net-development,ai-agent-development,asp-net,android-app-development,angular-js-development,backend-development,cloud-computing,cyber-security,front-end-development,full-stack-development,game-development,java,javascript-development,machine-learning,node-js-development,python-django,web-development-jobs/page-8 (Caused by NameResolutionError("HTTPSConnection(host='internshala.com', port=443): Failed to resolve 'internshala.com' ([Errno 11001] getaddrinfo failed)"))
2026-05-15 20:44:24,072 | ERROR | extractor.py:103 | scrape_data() | 'NoneType' object has no attribute 'find_all'
2026-05-15 20:44:24,073 | INFO | mainscript.py:34 | internshala() | Scraped data from page 8
2026-05-15 20:44:24,074 | INFO | mainscript.py:36 | internshala() | Inserted data into jobs.db
2026-05-15 20:44:24,075 | INFO | mainscript.py:38 | internshala() | Inserted data into rawData.db
2026-05-15 20:44:24,080 | ERROR | fetcher.py:13 | get_soup() | HTTPSConnectionPool(host='internshala.com', port=443): Max retries exceeded with url: /jobs/net-development,ai-agent-development,asp-net,android-app-development,angular-js-development,backend-development,cloud-computing,cyber-security,front-end-development,full-stack-development,game-development,java,javascript-development,machine-learning,node-js-development,python-django,web-development-jobs/page-9 (Caused by NameResolutionError("HTTPSConnection(host='internshala.com', port=443): Failed to resolve 'internshala.com' ([Errno 11001] getaddrinfo failed)"))
2026-05-15 20:44:24,081 | ERROR | extractor.py:103 | scrape_data() | 'NoneType' object has no attribute 'find_all'
2026-05-15 20:44:24,082 | INFO | mainscript.py:34 | internshala() | Scraped data from page 9
2026-05-15 20:44:24,083 | INFO | mainscript.py:36 | internshala() | Inserted data into jobs.db
2026-05-15 20:44:24,085 | INFO | mainscript.py:38 | internshala() | Inserted data into rawData.db
2026-05-15 20:44:24,089 | ERROR | fetcher.py:13 | get_soup() | HTTPSConnectionPool(host='internshala.com', port=443): Max retries exceeded with url: /jobs/net-development,ai-agent-development,asp-net,android-app-development,angular-js-development,backend-development,cloud-computing,cyber-security,front-end-development,full-stack-development,game-development,java,javascript-development,machine-learning,node-js-development,python-django,web-development-jobs/page-10 (Caused by NameResolutionError("HTTPSConnection(host='internshala.com', port=443): Failed to resolve 'internshala.com' ([Errno 11001] getaddrinfo failed)"))
2026-05-15 20:44:24,089 | ERROR | extractor.py:103 | scrape_data() | 'NoneType' object has no attribute 'find_all'
2026-05-15 20:44:24,090 | INFO | mainscript.py:34 | internshala() | Scraped data from page 10
2026-05-15 20:44:24,093 | INFO | mainscript.py:36 | internshala() | Inserted data into jobs.db
2026-05-15 20:44:24,096 | INFO | mainscript.py:38 | internshala() | Inserted data into rawData.db
2026-05-15 20:44:24,102 | ERROR | fetcher.py:13 | get_soup() | HTTPSConnectionPool(host='internshala.com', port=443): Max retries exceeded with url: /jobs/net-development,ai-agent-development,asp-net,android-app-development,angular-js-development,backend-development,cloud-computing,cyber-security,front-end-development,full-stack-development,game-development,java,javascript-development,machine-learning,node-js-development,python-django,web-development-jobs/page-11 (Caused by NameResolutionError("HTTPSConnection(host='internshala.com', port=443): Failed to resolve 'internshala.com' ([Errno 11001] getaddrinfo failed)"))
2026-05-15 20:44:24,103 | ERROR | extractor.py:103 | scrape_data() | 'NoneType' object has no attribute 'find_all'
2026-05-15 20:44:24,103 | INFO | mainscript.py:34 | internshala() | Scraped data from page 11
2026-05-15 20:44:24,103 | INFO | mainscript.py:36 | internshala() | Inserted data into jobs.db
2026-05-15 20:44:24,106 | INFO | mainscript.py:38 | internshala() | Inserted data into rawData.db
2026-05-15 20:44:24,111 | ERROR | fetcher.py:13 | get_soup() | HTTPSConnectionPool(host='internshala.com', port=443): Max retries exceeded with url: /jobs/net-development,ai-agent-development,asp-net,android-app-development,angular-js-development,backend-development,cloud-computing,cyber-security,front-end-development,full-stack-development,game-development,java,javascript-development,machine-learning,node-js-development,python-django,web-development-jobs/page-12 (Caused by NameResolutionError("HTTPSConnection(host='internshala.com', port=443): Failed to resolve 'internshala.com' ([Errno 11001] getaddrinfo failed)"))
2026-05-15 20:44:24,112 | ERROR | extractor.py:103 | scrape_data() | 'NoneType' object has no attribute 'find_all'
2026-05-15 20:44:24,112 | INFO | mainscript.py:34 | internshala() | Scraped data from page 12
2026-05-15 20:44:24,113 | INFO | mainscript.py:36 | internshala() | Inserted data into jobs.db
2026-05-15 20:44:24,115 | INFO | mainscript.py:38 | internshala() | Inserted data into rawData.db
2026-05-15 20:44:24,118 | ERROR | fetcher.py:13 | get_soup() | HTTPSConnectionPool(host='internshala.com', port=443): Max retries exceeded with url: /jobs/net-development,ai-agent-development,asp-net,android-app-development,angular-js-development,backend-development,cloud-computing,cyber-security,front-end-development,full-stack-development,game-development,java,javascript-development,machine-learning,node-js-development,python-django,web-development-jobs/page-13 (Caused by NameResolutionError("HTTPSConnection(host='internshala.com', port=443): Failed to resolve 'internshala.com' ([Errno 11001] getaddrinfo failed)"))
2026-05-15 20:44:24,119 | ERROR | extractor.py:103 | scrape_data() | 'NoneType' object has no attribute 'find_all'
2026-05-15 20:44:24,120 | INFO | mainscript.py:34 | internshala() | Scraped data from page 13
2026-05-15 20:44:24,121 | INFO | mainscript.py:36 | internshala() | Inserted data into jobs.db
2026-05-15 20:44:24,122 | INFO | mainscript.py:38 | internshala() | Inserted data into rawData.db
2026-05-15 20:44:24,126 | ERROR | fetcher.py:13 | get_soup() | HTTPSConnectionPool(host='internshala.com', port=443): Max retries exceeded with url: /jobs/net-development,ai-agent-development,asp-net,android-app-development,angular-js-development,backend-development,cloud-computing,cyber-security,front-end-development,full-stack-development,game-development,java,javascript-development,machine-learning,node-js-development,python-django,web-development-jobs/page-14 (Caused by NameResolutionError("HTTPSConnection(host='internshala.com', port=443): Failed to resolve 'internshala.com' ([Errno 11001] getaddrinfo failed)"))
2026-05-15 20:44:24,127 | ERROR | extractor.py:103 | scrape_data() | 'NoneType' object has no attribute 'find_all'
2026-05-15 20:44:24,127 | INFO | mainscript.py:34 | internshala() | Scraped data from page 14
2026-05-15 20:44:24,128 | INFO | mainscript.py:36 | internshala() | Inserted data into jobs.db
2026-05-15 20:44:24,129 | INFO | mainscript.py:38 | internshala() | Inserted data into rawData.db
2026-05-15 20:44:24,130 | ERROR | fetcher.py:13 | get_soup() | HTTPSConnectionPool(host='internshala.com', port=443): Max retries exceeded with url: /jobs/net-development,ai-agent-development,asp-net,android-app-development,angular-js-development,backend-development,cloud-computing,cyber-security,front-end-development,full-stack-development,game-development,java,javascript-development,machine-learning,node-js-development,python-django,web-development-jobs/page-15 (Caused by NameResolutionError("HTTPSConnection(host='internshala.com', port=443): Failed to resolve 'internshala.com' ([Errno 11001] getaddrinfo failed)"))
2026-05-15 20:44:24,131 | ERROR | extractor.py:103 | scrape_data() | 'NoneType' object has no attribute 'find_all'
2026-05-15 20:44:24,131 | INFO | mainscript.py:34 | internshala() | Scraped data from page 15
2026-05-15 20:44:24,131 | INFO | mainscript.py:36 | internshala() | Inserted data into jobs.db
2026-05-15 20:44:24,132 | INFO | mainscript.py:38 | internshala() | Inserted data into rawData.db
2026-05-15 20:44:24,134 | ERROR | fetcher.py:13 | get_soup() | HTTPSConnectionPool(host='internshala.com', port=443): Max retries exceeded with url: /jobs/net-development,ai-agent-development,asp-net,android-app-development,angular-js-development,backend-development,cloud-computing,cyber-security,front-end-development,full-stack-development,game-development,java,javascript-development,machine-learning,node-js-development,python-django,web-development-jobs/page-16 (Caused by NameResolutionError("HTTPSConnection(host='internshala.com', port=443): Failed to resolve 'internshala.com' ([Errno 11001] getaddrinfo failed)"))
2026-05-15 20:44:24,134 | ERROR | extractor.py:103 | scrape_data() | 'NoneType' object has no attribute 'find_all'
2026-05-15 20:44:24,134 | INFO | mainscript.py:34 | internshala() | Scraped data from page 16
2026-05-15 20:44:24,134 | INFO | mainscript.py:36 | internshala() | Inserted data into jobs.db
2026-05-15 20:44:24,135 | INFO | mainscript.py:38 | internshala() | Inserted data into rawData.db
2026-05-15 20:44:24,136 | ERROR | fetcher.py:13 | get_soup() | HTTPSConnectionPool(host='internshala.com', port=443): Max retries exceeded with url: /jobs/net-development,ai-agent-development,asp-net,android-app-development,angular-js-development,backend-development,cloud-computing,cyber-security,front-end-development,full-stack-development,game-development,java,javascript-development,machine-learning,node-js-development,python-django,web-development-jobs/page-17 (Caused by NameResolutionError("HTTPSConnection(host='internshala.com', port=443): Failed to resolve 'internshala.com' ([Errno 11001] getaddrinfo failed)"))
2026-05-15 20:44:24,136 | ERROR | extractor.py:103 | scrape_data() | 'NoneType' object has no attribute 'find_all'
2026-05-15 20:44:24,137 | INFO | mainscript.py:34 | internshala() | Scraped data from page 17
2026-05-15 20:44:24,137 | INFO | mainscript.py:36 | internshala() | Inserted data into jobs.db
2026-05-15 20:44:24,137 | INFO | mainscript.py:38 | internshala() | Inserted data into rawData.db
2026-05-15 20:44:24,139 | ERROR | fetcher.py:13 | get_soup() | HTTPSConnectionPool(host='internshala.com', port=443): Max retries exceeded with url: /jobs/net-development,ai-agent-development,asp-net,android-app-development,angular-js-development,backend-development,cloud-computing,cyber-security,front-end-development,full-stack-development,game-development,java,javascript-development,machine-learning,node-js-development,python-django,web-development-jobs/page-18 (Caused by NameResolutionError("HTTPSConnection(host='internshala.com', port=443): Failed to resolve 'internshala.com' ([Errno 11001] getaddrinfo failed)"))
2026-05-15 20:44:24,139 | ERROR | extractor.py:103 | scrape_data() | 'NoneType' object has no attribute 'find_all'
2026-05-15 20:44:24,139 | INFO | mainscript.py:34 | internshala() | Scraped data from page 18
2026-05-15 20:44:24,140 | INFO | mainscript.py:36 | internshala() | Inserted data into jobs.db
2026-05-15 20:44:24,141 | INFO | mainscript.py:38 | internshala() | Inserted data into rawData.db
2026-05-15 20:44:24,142 | ERROR | fetcher.py:13 | get_soup() | HTTPSConnectionPool(host='internshala.com', port=443): Max retries exceeded with url: /jobs/net-development,ai-agent-development,asp-net,android-app-development,angular-js-development,backend-development,cloud-computing,cyber-security,front-end-development,full-stack-development,game-development,java,javascript-development,machine-learning,node-js-development,python-django,web-development-jobs/page-19 (Caused by NameResolutionError("HTTPSConnection(host='internshala.com', port=443): Failed to resolve 'internshala.com' ([Errno 11001] getaddrinfo failed)"))
2026-05-15 20:44:24,142 | ERROR | extractor.py:103 | scrape_data() | 'NoneType' object has no attribute 'find_all'
2026-05-15 20:44:24,142 | INFO | mainscript.py:34 | internshala() | Scraped data from page 19
2026-05-15 20:44:24,143 | INFO | mainscript.py:36 | internshala() | Inserted data into jobs.db
2026-05-15 20:44:24,143 | INFO | mainscript.py:38 | internshala() | Inserted data into rawData.db
2026-05-15 20:44:24,146 | ERROR | fetcher.py:13 | get_soup() | HTTPSConnectionPool(host='internshala.com', port=443): Max retries exceeded with url: /jobs/net-development,ai-agent-development,asp-net,android-app-development,angular-js-development,backend-development,cloud-computing,cyber-security,front-end-development,full-stack-development,game-development,java,javascript-development,machine-learning,node-js-development,python-django,web-development-jobs/page-20 (Caused by NameResolutionError("HTTPSConnection(host='internshala.com', port=443): Failed to resolve 'internshala.com' ([Errno 11001] getaddrinfo failed)"))
2026-05-15 20:44:24,146 | ERROR | extractor.py:103 | scrape_data() | 'NoneType' object has no attribute 'find_all'
2026-05-15 20:44:24,146 | INFO | mainscript.py:34 | internshala() | Scraped data from page 20
2026-05-15 20:44:24,146 | INFO | mainscript.py:36 | internshala() | Inserted data into jobs.db
2026-05-15 20:44:24,147 | INFO | mainscript.py:38 | internshala() | Inserted data into rawData.db
2026-05-15 20:54:04,825 | INFO | mainscript.py:23 | <module>() | Execution started..
2026-05-15 20:54:06,159 | ERROR | extractor.py:103 | scrape_data() | 'list' object has no attribute 'lower'
2026-05-15 20:54:06,159 | INFO | mainscript.py:34 | internshala() | Scraped data from page 1
2026-05-15 20:54:06,160 | INFO | mainscript.py:36 | internshala() | Inserted data into jobs.db
2026-05-15 20:54:06,162 | INFO | mainscript.py:38 | internshala() | Inserted data into rawData.db
2026-05-15 20:54:07,619 | ERROR | extractor.py:103 | scrape_data() | 'NoneType' object has no attribute 'lower'
2026-05-15 20:54:07,619 | INFO | mainscript.py:34 | internshala() | Scraped data from page 2
2026-05-15 20:54:07,620 | INFO | mainscript.py:36 | internshala() | Inserted data into jobs.db
2026-05-15 20:54:07,621 | INFO | mainscript.py:38 | internshala() | Inserted data into rawData.db
2026-05-15 20:54:09,728 | ERROR | extractor.py:103 | scrape_data() | 'NoneType' object has no attribute 'lower'
2026-05-15 20:54:09,729 | INFO | mainscript.py:34 | internshala() | Scraped data from page 3
2026-05-15 20:54:09,729 | INFO | mainscript.py:36 | internshala() | Inserted data into jobs.db
2026-05-15 20:54:09,730 | INFO | mainscript.py:38 | internshala() | Inserted data into rawData.db
2026-05-15 20:54:11,172 | ERROR | extractor.py:103 | scrape_data() | 'list' object has no attribute 'lower'
2026-05-15 20:54:11,173 | INFO | mainscript.py:34 | internshala() | Scraped data from page 4
2026-05-15 20:54:11,173 | INFO | mainscript.py:36 | internshala() | Inserted data into jobs.db
2026-05-15 20:54:11,174 | INFO | mainscript.py:38 | internshala() | Inserted data into rawData.db
2026-05-15 20:54:12,785 | ERROR | extractor.py:103 | scrape_data() | 'list' object has no attribute 'lower'
2026-05-15 20:54:12,785 | INFO | mainscript.py:34 | internshala() | Scraped data from page 5
2026-05-15 20:54:12,786 | INFO | mainscript.py:36 | internshala() | Inserted data into jobs.db
2026-05-15 20:54:12,786 | INFO | mainscript.py:38 | internshala() | Inserted data into rawData.db
2026-05-15 20:54:14,328 | ERROR | extractor.py:103 | scrape_data() | 'NoneType' object has no attribute 'lower'
2026-05-15 20:54:14,328 | INFO | mainscript.py:34 | internshala() | Scraped data from page 6
2026-05-15 20:54:14,328 | INFO | mainscript.py:36 | internshala() | Inserted data into jobs.db
2026-05-15 20:54:14,329 | INFO | mainscript.py:38 | internshala() | Inserted data into rawData.db
2026-05-15 20:54:15,670 | ERROR | extractor.py:103 | scrape_data() | 'list' object has no attribute 'lower'
2026-05-15 20:54:15,670 | INFO | mainscript.py:34 | internshala() | Scraped data from page 7
2026-05-15 20:54:15,670 | INFO | mainscript.py:36 | internshala() | Inserted data into jobs.db
2026-05-15 20:54:15,671 | INFO | mainscript.py:38 | internshala() | Inserted data into rawData.db
2026-05-15 20:54:17,288 | ERROR | extractor.py:103 | scrape_data() | 'NoneType' object has no attribute 'lower'
2026-05-15 20:54:17,288 | INFO | mainscript.py:34 | internshala() | Scraped data from page 8
2026-05-15 20:54:17,288 | INFO | mainscript.py:36 | internshala() | Inserted data into jobs.db
2026-05-15 20:54:17,289 | INFO | mainscript.py:38 | internshala() | Inserted data into rawData.db
2026-05-15 20:54:18,509 | ERROR | extractor.py:103 | scrape_data() | 'NoneType' object has no attribute 'lower'
2026-05-15 20:54:18,510 | INFO | mainscript.py:34 | internshala() | Scraped data from page 9
2026-05-15 20:54:18,510 | INFO | mainscript.py:36 | internshala() | Inserted data into jobs.db
2026-05-15 20:54:18,510 | INFO | mainscript.py:38 | internshala() | Inserted data into rawData.db
2026-05-15 20:54:20,003 | ERROR | extractor.py:103 | scrape_data() | 'list' object has no attribute 'lower'
2026-05-15 20:54:20,004 | INFO | mainscript.py:34 | internshala() | Scraped data from page 10
2026-05-15 20:54:20,004 | INFO | mainscript.py:36 | internshala() | Inserted data into jobs.db
2026-05-15 20:54:20,005 | INFO | mainscript.py:38 | internshala() | Inserted data into rawData.db
2026-05-15 20:54:21,534 | ERROR | extractor.py:103 | scrape_data() | 'NoneType' object has no attribute 'lower'
2026-05-15 20:54:21,535 | INFO | mainscript.py:34 | internshala() | Scraped data from page 11
2026-05-15 20:54:21,536 | INFO | mainscript.py:36 | internshala() | Inserted data into jobs.db
2026-05-15 20:54:21,536 | INFO | mainscript.py:38 | internshala() | Inserted data into rawData.db
2026-05-15 20:54:23,007 | ERROR | extractor.py:103 | scrape_data() | 'NoneType' object has no attribute 'lower'
2026-05-15 20:54:23,007 | INFO | mainscript.py:34 | internshala() | Scraped data from page 12
2026-05-15 20:54:23,007 | INFO | mainscript.py:36 | internshala() | Inserted data into jobs.db
2026-05-15 20:54:23,008 | INFO | mainscript.py:38 | internshala() | Inserted data into rawData.db
2026-05-15 20:54:24,489 | ERROR | extractor.py:103 | scrape_data() | 'NoneType' object has no attribute 'lower'
2026-05-15 20:54:24,489 | INFO | mainscript.py:34 | internshala() | Scraped data from page 13
2026-05-15 20:54:24,490 | INFO | mainscript.py:36 | internshala() | Inserted data into jobs.db
2026-05-15 20:54:24,490 | INFO | mainscript.py:38 | internshala() | Inserted data into rawData.db
2026-05-15 20:54:26,137 | ERROR | extractor.py:103 | scrape_data() | 'NoneType' object has no attribute 'lower'
2026-05-15 20:54:26,137 | INFO | mainscript.py:34 | internshala() | Scraped data from page 14
2026-05-15 20:54:26,137 | INFO | mainscript.py:36 | internshala() | Inserted data into jobs.db
2026-05-15 20:54:26,138 | INFO | mainscript.py:38 | internshala() | Inserted data into rawData.db
2026-05-15 20:54:28,018 | ERROR | extractor.py:103 | scrape_data() | 'NoneType' object has no attribute 'lower'
2026-05-15 20:54:28,018 | INFO | mainscript.py:34 | internshala() | Scraped data from page 15
2026-05-15 20:54:28,019 | INFO | mainscript.py:36 | internshala() | Inserted data into jobs.db
2026-05-15 20:54:28,020 | INFO | mainscript.py:38 | internshala() | Inserted data into rawData.db
2026-05-15 20:54:29,626 | ERROR | extractor.py:103 | scrape_data() | 'NoneType' object has no attribute 'lower'
2026-05-15 20:54:29,626 | INFO | mainscript.py:34 | internshala() | Scraped data from page 16
2026-05-15 20:54:29,627 | INFO | mainscript.py:36 | internshala() | Inserted data into jobs.db
2026-05-15 20:54:29,627 | INFO | mainscript.py:38 | internshala() | Inserted data into rawData.db
2026-05-15 20:54:31,237 | ERROR | extractor.py:103 | scrape_data() | 'NoneType' object has no attribute 'lower'
2026-05-15 20:54:31,237 | INFO | mainscript.py:34 | internshala() | Scraped data from page 17
2026-05-15 20:54:31,238 | INFO | mainscript.py:36 | internshala() | Inserted data into jobs.db
2026-05-15 20:54:31,238 | INFO | mainscript.py:38 | internshala() | Inserted data into rawData.db
2026-05-15 20:54:32,363 | ERROR | extractor.py:103 | scrape_data() | 'NoneType' object has no attribute 'lower'
2026-05-15 20:54:32,363 | INFO | mainscript.py:34 | internshala() | Scraped data from page 18
2026-05-15 20:54:32,364 | INFO | mainscript.py:36 | internshala() | Inserted data into jobs.db
2026-05-15 20:54:32,364 | INFO | mainscript.py:38 | internshala() | Inserted data into rawData.db
2026-05-15 20:54:33,704 | ERROR | extractor.py:103 | scrape_data() | 'NoneType' object has no attribute 'lower'
2026-05-15 20:54:33,705 | INFO | mainscript.py:34 | internshala() | Scraped data from page 19
2026-05-15 20:54:33,705 | INFO | mainscript.py:36 | internshala() | Inserted data into jobs.db
2026-05-15 20:54:33,706 | INFO | mainscript.py:38 | internshala() | Inserted data into rawData.db
2026-05-15 20:54:35,362 | ERROR | extractor.py:103 | scrape_data() | 'NoneType' object has no attribute 'lower'
2026-05-15 20:54:35,363 | INFO | mainscript.py:34 | internshala() | Scraped data from page 20
2026-05-15 20:54:35,363 | INFO | mainscript.py:36 | internshala() | Inserted data into jobs.db
2026-05-15 20:54:35,364 | INFO | mainscript.py:38 | internshala() | Inserted data into rawData.db
2026-05-15 20:59:08,501 | INFO | mainscript.py:23 | <module>() | Execution started..
2026-05-15 20:59:09,752 | INFO | mainscript.py:34 | internshala() | Scraped data from page 1
2026-05-15 20:59:09,763 | INFO | mainscript.py:36 | internshala() | Inserted data into jobs.db
2026-05-15 20:59:09,771 | INFO | mainscript.py:38 | internshala() | Inserted data into rawData.db
2026-05-15 20:59:11,110 | INFO | mainscript.py:34 | internshala() | Scraped data from page 2
2026-05-15 20:59:11,119 | INFO | mainscript.py:36 | internshala() | Inserted data into jobs.db
2026-05-15 20:59:11,124 | INFO | mainscript.py:38 | internshala() | Inserted data into rawData.db
2026-05-15 20:59:12,565 | INFO | mainscript.py:34 | internshala() | Scraped data from page 3
2026-05-15 20:59:12,572 | INFO | mainscript.py:36 | internshala() | Inserted data into jobs.db
2026-05-15 20:59:12,578 | INFO | mainscript.py:38 | internshala() | Inserted data into rawData.db
2026-05-15 20:59:15,112 | INFO | mainscript.py:34 | internshala() | Scraped data from page 4
2026-05-15 20:59:15,120 | INFO | mainscript.py:36 | internshala() | Inserted data into jobs.db
2026-05-15 20:59:15,124 | INFO | mainscript.py:38 | internshala() | Inserted data into rawData.db
2026-05-15 20:59:20,522 | INFO | mainscript.py:34 | internshala() | Scraped data from page 5
2026-05-15 20:59:20,530 | INFO | mainscript.py:36 | internshala() | Inserted data into jobs.db
2026-05-15 20:59:20,535 | INFO | mainscript.py:38 | internshala() | Inserted data into rawData.db
2026-05-15 20:59:22,048 | INFO | mainscript.py:34 | internshala() | Scraped data from page 6
2026-05-15 20:59:22,055 | INFO | mainscript.py:36 | internshala() | Inserted data into jobs.db
2026-05-15 20:59:22,059 | INFO | mainscript.py:38 | internshala() | Inserted data into rawData.db
2026-05-15 20:59:23,626 | INFO | mainscript.py:34 | internshala() | Scraped data from page 7
2026-05-15 20:59:23,636 | INFO | mainscript.py:36 | internshala() | Inserted data into jobs.db
2026-05-15 20:59:23,641 | INFO | mainscript.py:38 | internshala() | Inserted data into rawData.db
2026-05-15 20:59:24,714 | INFO | mainscript.py:34 | internshala() | Scraped data from page 8
2026-05-15 20:59:24,721 | INFO | mainscript.py:36 | internshala() | Inserted data into jobs.db
2026-05-15 20:59:24,726 | INFO | mainscript.py:38 | internshala() | Inserted data into rawData.db
2026-05-15 20:59:25,759 | INFO | mainscript.py:34 | internshala() | Scraped data from page 9
2026-05-15 20:59:25,766 | INFO | mainscript.py:36 | internshala() | Inserted data into jobs.db
2026-05-15 20:59:25,770 | INFO | mainscript.py:38 | internshala() | Inserted data into rawData.db
2026-05-15 20:59:26,799 | INFO | mainscript.py:34 | internshala() | Scraped data from page 10
2026-05-15 20:59:26,807 | INFO | mainscript.py:36 | internshala() | Inserted data into jobs.db
2026-05-15 20:59:26,812 | INFO | mainscript.py:38 | internshala() | Inserted data into rawData.db
2026-05-15 20:59:28,235 | INFO | mainscript.py:34 | internshala() | Scraped data from page 11
2026-05-15 20:59:28,237 | INFO | mainscript.py:36 | internshala() | Inserted data into jobs.db
2026-05-15 20:59:28,245 | INFO | mainscript.py:38 | internshala() | Inserted data into rawData.db
2026-05-15 20:59:29,270 | INFO | mainscript.py:34 | internshala() | Scraped data from page 12
2026-05-15 20:59:29,271 | INFO | mainscript.py:36 | internshala() | Inserted data into jobs.db
2026-05-15 20:59:29,278 | INFO | mainscript.py:38 | internshala() | Inserted data into rawData.db
2026-05-15 20:59:30,234 | INFO | mainscript.py:34 | internshala() | Scraped data from page 13
2026-05-15 20:59:30,234 | INFO | mainscript.py:36 | internshala() | Inserted data into jobs.db
2026-05-15 20:59:30,241 | INFO | mainscript.py:38 | internshala() | Inserted data into rawData.db
2026-05-15 20:59:31,753 | INFO | mainscript.py:34 | internshala() | Scraped data from page 14
2026-05-15 20:59:31,754 | INFO | mainscript.py:36 | internshala() | Inserted data into jobs.db
2026-05-15 20:59:31,759 | INFO | mainscript.py:38 | internshala() | Inserted data into rawData.db
2026-05-15 20:59:33,548 | INFO | mainscript.py:34 | internshala() | Scraped data from page 15
2026-05-15 20:59:33,548 | INFO | mainscript.py:36 | internshala() | Inserted data into jobs.db
2026-05-15 20:59:33,556 | INFO | mainscript.py:38 | internshala() | Inserted data into rawData.db
2026-05-15 20:59:34,812 | INFO | mainscript.py:34 | internshala() | Scraped data from page 16
2026-05-15 20:59:34,812 | INFO | mainscript.py:36 | internshala() | Inserted data into jobs.db
2026-05-15 20:59:34,819 | INFO | mainscript.py:38 | internshala() | Inserted data into rawData.db
2026-05-15 20:59:36,386 | INFO | mainscript.py:34 | internshala() | Scraped data from page 17
2026-05-15 20:59:36,386 | INFO | mainscript.py:36 | internshala() | Inserted data into jobs.db
2026-05-15 20:59:36,393 | INFO | mainscript.py:38 | internshala() | Inserted data into rawData.db
2026-05-15 20:59:37,613 | INFO | mainscript.py:34 | internshala() | Scraped data from page 18
2026-05-15 20:59:37,620 | INFO | mainscript.py:36 | internshala() | Inserted data into jobs.db
2026-05-15 20:59:37,625 | INFO | mainscript.py:38 | internshala() | Inserted data into rawData.db
2026-05-15 20:59:39,093 | INFO | mainscript.py:34 | internshala() | Scraped data from page 19
2026-05-15 20:59:39,098 | INFO | mainscript.py:36 | internshala() | Inserted data into jobs.db
2026-05-15 20:59:39,104 | INFO | mainscript.py:38 | internshala() | Inserted data into rawData.db
2026-05-15 20:59:40,524 | INFO | mainscript.py:34 | internshala() | Scraped data from page 20
2026-05-15 20:59:40,531 | INFO | mainscript.py:36 | internshala() | Inserted data into jobs.db
2026-05-15 20:59:40,539 | INFO | mainscript.py:38 | internshala() | Inserted data into rawData.db
2026-05-16 20:28:15,987 | INFO | mainscript.py:27 | <module>() | Execution started...
2026-05-16 20:28:36,847 | INFO | mainscript.py:27 | <module>() | Execution started...
2026-05-16 20:28:38,154 | INFO | mainscript.py:45 | internshala() | Scraped data from page 1
2026-05-16 20:28:38,156 | ERROR | mainscript.py:53 | internshala() | Failed scraping page 1
Traceback (most recent call last):
  File "D:\intern_jobscraper\mainscript.py", line 47, in internshala
    insertRawData(raw_data)
    ~~~~~~~~~~~~~^^^^^^^^^^
  File "D:\intern_jobscraper\rawData\raw_data.py", line 18, in insertRawData
    if not (i['TechStack'] and i['company'] and i['job']):
            ~^^^^^^^^^^^^^
KeyError: 'TechStack'
2026-05-16 20:28:38,884 | INFO | mainscript.py:45 | internshala() | Scraped data from page 2
2026-05-16 20:28:38,884 | ERROR | mainscript.py:53 | internshala() | Failed scraping page 2
Traceback (most recent call last):
  File "D:\intern_jobscraper\mainscript.py", line 47, in internshala
    insertRawData(raw_data)
    ~~~~~~~~~~~~~^^^^^^^^^^
  File "D:\intern_jobscraper\rawData\raw_data.py", line 18, in insertRawData
    if not (i['TechStack'] and i['company'] and i['job']):
            ~^^^^^^^^^^^^^
KeyError: 'TechStack'
2026-05-16 20:28:39,660 | INFO | mainscript.py:45 | internshala() | Scraped data from page 3
2026-05-16 20:28:39,660 | ERROR | mainscript.py:53 | internshala() | Failed scraping page 3
Traceback (most recent call last):
  File "D:\intern_jobscraper\mainscript.py", line 47, in internshala
    insertRawData(raw_data)
    ~~~~~~~~~~~~~^^^^^^^^^^
  File "D:\intern_jobscraper\rawData\raw_data.py", line 18, in insertRawData
    if not (i['TechStack'] and i['company'] and i['job']):
            ~^^^^^^^^^^^^^
KeyError: 'TechStack'
2026-05-16 20:28:40,541 | INFO | mainscript.py:45 | internshala() | Scraped data from page 4
2026-05-16 20:28:40,542 | ERROR | mainscript.py:53 | internshala() | Failed scraping page 4
Traceback (most recent call last):
  File "D:\intern_jobscraper\mainscript.py", line 47, in internshala
    insertRawData(raw_data)
    ~~~~~~~~~~~~~^^^^^^^^^^
  File "D:\intern_jobscraper\rawData\raw_data.py", line 18, in insertRawData
    if not (i['TechStack'] and i['company'] and i['job']):
            ~^^^^^^^^^^^^^
KeyError: 'TechStack'
2026-05-16 20:28:41,451 | INFO | mainscript.py:45 | internshala() | Scraped data from page 5
2026-05-16 20:28:41,452 | ERROR | mainscript.py:53 | internshala() | Failed scraping page 5
Traceback (most recent call last):
  File "D:\intern_jobscraper\mainscript.py", line 47, in internshala
    insertRawData(raw_data)
    ~~~~~~~~~~~~~^^^^^^^^^^
  File "D:\intern_jobscraper\rawData\raw_data.py", line 18, in insertRawData
    if not (i['TechStack'] and i['company'] and i['job']):
            ~^^^^^^^^^^^^^
KeyError: 'TechStack'
2026-05-16 20:28:42,440 | INFO | mainscript.py:45 | internshala() | Scraped data from page 6
2026-05-16 20:28:42,441 | ERROR | mainscript.py:53 | internshala() | Failed scraping page 6
Traceback (most recent call last):
  File "D:\intern_jobscraper\mainscript.py", line 47, in internshala
    insertRawData(raw_data)
    ~~~~~~~~~~~~~^^^^^^^^^^
  File "D:\intern_jobscraper\rawData\raw_data.py", line 18, in insertRawData
    if not (i['TechStack'] and i['company'] and i['job']):
            ~^^^^^^^^^^^^^
KeyError: 'TechStack'
2026-05-16 20:28:43,217 | INFO | mainscript.py:45 | internshala() | Scraped data from page 7
2026-05-16 20:28:43,217 | ERROR | mainscript.py:53 | internshala() | Failed scraping page 7
Traceback (most recent call last):
  File "D:\intern_jobscraper\mainscript.py", line 47, in internshala
    insertRawData(raw_data)
    ~~~~~~~~~~~~~^^^^^^^^^^
  File "D:\intern_jobscraper\rawData\raw_data.py", line 18, in insertRawData
    if not (i['TechStack'] and i['company'] and i['job']):
            ~^^^^^^^^^^^^^
KeyError: 'TechStack'
2026-05-16 20:28:44,083 | INFO | mainscript.py:45 | internshala() | Scraped data from page 8
2026-05-16 20:28:44,084 | ERROR | mainscript.py:53 | internshala() | Failed scraping page 8
Traceback (most recent call last):
  File "D:\intern_jobscraper\mainscript.py", line 47, in internshala
    insertRawData(raw_data)
    ~~~~~~~~~~~~~^^^^^^^^^^
  File "D:\intern_jobscraper\rawData\raw_data.py", line 18, in insertRawData
    if not (i['TechStack'] and i['company'] and i['job']):
            ~^^^^^^^^^^^^^
KeyError: 'TechStack'
2026-05-16 20:28:44,994 | INFO | mainscript.py:45 | internshala() | Scraped data from page 9
2026-05-16 20:28:44,995 | ERROR | mainscript.py:53 | internshala() | Failed scraping page 9
Traceback (most recent call last):
  File "D:\intern_jobscraper\mainscript.py", line 47, in internshala
    insertRawData(raw_data)
    ~~~~~~~~~~~~~^^^^^^^^^^
  File "D:\intern_jobscraper\rawData\raw_data.py", line 18, in insertRawData
    if not (i['TechStack'] and i['company'] and i['job']):
            ~^^^^^^^^^^^^^
KeyError: 'TechStack'
2026-05-16 20:28:45,953 | INFO | mainscript.py:45 | internshala() | Scraped data from page 10
2026-05-16 20:28:45,953 | ERROR | mainscript.py:53 | internshala() | Failed scraping page 10
Traceback (most recent call last):
  File "D:\intern_jobscraper\mainscript.py", line 47, in internshala
    insertRawData(raw_data)
    ~~~~~~~~~~~~~^^^^^^^^^^
  File "D:\intern_jobscraper\rawData\raw_data.py", line 18, in insertRawData
    if not (i['TechStack'] and i['company'] and i['job']):
            ~^^^^^^^^^^^^^
KeyError: 'TechStack'
2026-05-16 20:28:46,730 | INFO | mainscript.py:45 | internshala() | Scraped data from page 11
2026-05-16 20:28:46,730 | ERROR | mainscript.py:53 | internshala() | Failed scraping page 11
Traceback (most recent call last):
  File "D:\intern_jobscraper\mainscript.py", line 47, in internshala
    insertRawData(raw_data)
    ~~~~~~~~~~~~~^^^^^^^^^^
  File "D:\intern_jobscraper\rawData\raw_data.py", line 18, in insertRawData
    if not (i['TechStack'] and i['company'] and i['job']):
            ~^^^^^^^^^^^^^
KeyError: 'TechStack'
2026-05-16 20:28:47,567 | INFO | mainscript.py:45 | internshala() | Scraped data from page 12
2026-05-16 20:28:47,568 | ERROR | mainscript.py:53 | internshala() | Failed scraping page 12
Traceback (most recent call last):
  File "D:\intern_jobscraper\mainscript.py", line 47, in internshala
    insertRawData(raw_data)
    ~~~~~~~~~~~~~^^^^^^^^^^
  File "D:\intern_jobscraper\rawData\raw_data.py", line 18, in insertRawData
    if not (i['TechStack'] and i['company'] and i['job']):
            ~^^^^^^^^^^^^^
KeyError: 'TechStack'
2026-05-16 20:28:48,521 | INFO | mainscript.py:45 | internshala() | Scraped data from page 13
2026-05-16 20:28:48,534 | ERROR | mainscript.py:53 | internshala() | Failed scraping page 13
Traceback (most recent call last):
  File "D:\intern_jobscraper\mainscript.py", line 47, in internshala
    insertRawData(raw_data)
    ~~~~~~~~~~~~~^^^^^^^^^^
  File "D:\intern_jobscraper\rawData\raw_data.py", line 18, in insertRawData
    if not (i['TechStack'] and i['company'] and i['job']):
            ~^^^^^^^^^^^^^
KeyError: 'TechStack'
2026-05-16 20:28:49,459 | INFO | mainscript.py:45 | internshala() | Scraped data from page 14
2026-05-16 20:28:49,459 | ERROR | mainscript.py:53 | internshala() | Failed scraping page 14
Traceback (most recent call last):
  File "D:\intern_jobscraper\mainscript.py", line 47, in internshala
    insertRawData(raw_data)
    ~~~~~~~~~~~~~^^^^^^^^^^
  File "D:\intern_jobscraper\rawData\raw_data.py", line 18, in insertRawData
    if not (i['TechStack'] and i['company'] and i['job']):
            ~^^^^^^^^^^^^^
KeyError: 'TechStack'
2026-05-16 20:28:50,428 | INFO | mainscript.py:45 | internshala() | Scraped data from page 15
2026-05-16 20:28:50,428 | ERROR | mainscript.py:53 | internshala() | Failed scraping page 15
Traceback (most recent call last):
  File "D:\intern_jobscraper\mainscript.py", line 47, in internshala
    insertRawData(raw_data)
    ~~~~~~~~~~~~~^^^^^^^^^^
  File "D:\intern_jobscraper\rawData\raw_data.py", line 18, in insertRawData
    if not (i['TechStack'] and i['company'] and i['job']):
            ~^^^^^^^^^^^^^
KeyError: 'TechStack'
2026-05-16 20:28:51,389 | INFO | mainscript.py:45 | internshala() | Scraped data from page 16
2026-05-16 20:28:51,389 | ERROR | mainscript.py:53 | internshala() | Failed scraping page 16
Traceback (most recent call last):
  File "D:\intern_jobscraper\mainscript.py", line 47, in internshala
    insertRawData(raw_data)
    ~~~~~~~~~~~~~^^^^^^^^^^
  File "D:\intern_jobscraper\rawData\raw_data.py", line 18, in insertRawData
    if not (i['TechStack'] and i['company'] and i['job']):
            ~^^^^^^^^^^^^^
KeyError: 'TechStack'
2026-05-16 20:28:52,342 | INFO | mainscript.py:45 | internshala() | Scraped data from page 17
2026-05-16 20:28:52,343 | ERROR | mainscript.py:53 | internshala() | Failed scraping page 17
Traceback (most recent call last):
  File "D:\intern_jobscraper\mainscript.py", line 47, in internshala
    insertRawData(raw_data)
    ~~~~~~~~~~~~~^^^^^^^^^^
  File "D:\intern_jobscraper\rawData\raw_data.py", line 18, in insertRawData
    if not (i['TechStack'] and i['company'] and i['job']):
            ~^^^^^^^^^^^^^
KeyError: 'TechStack'
2026-05-16 20:28:53,301 | INFO | mainscript.py:45 | internshala() | Scraped data from page 18
2026-05-16 20:28:53,301 | ERROR | mainscript.py:53 | internshala() | Failed scraping page 18
Traceback (most recent call last):
  File "D:\intern_jobscraper\mainscript.py", line 47, in internshala
    insertRawData(raw_data)
    ~~~~~~~~~~~~~^^^^^^^^^^
  File "D:\intern_jobscraper\rawData\raw_data.py", line 18, in insertRawData
    if not (i['TechStack'] and i['company'] and i['job']):
            ~^^^^^^^^^^^^^
KeyError: 'TechStack'
2026-05-16 20:28:54,281 | INFO | mainscript.py:45 | internshala() | Scraped data from page 19
2026-05-16 20:28:54,282 | ERROR | mainscript.py:53 | internshala() | Failed scraping page 19
Traceback (most recent call last):
  File "D:\intern_jobscraper\mainscript.py", line 47, in internshala
    insertRawData(raw_data)
    ~~~~~~~~~~~~~^^^^^^^^^^
  File "D:\intern_jobscraper\rawData\raw_data.py", line 18, in insertRawData
    if not (i['TechStack'] and i['company'] and i['job']):
            ~^^^^^^^^^^^^^
KeyError: 'TechStack'
2026-05-16 20:28:55,046 | INFO | mainscript.py:45 | internshala() | Scraped data from page 20
2026-05-16 20:28:55,047 | ERROR | mainscript.py:53 | internshala() | Failed scraping page 20
Traceback (most recent call last):
  File "D:\intern_jobscraper\mainscript.py", line 47, in internshala
    insertRawData(raw_data)
    ~~~~~~~~~~~~~^^^^^^^^^^
  File "D:\intern_jobscraper\rawData\raw_data.py", line 18, in insertRawData
    if not (i['TechStack'] and i['company'] and i['job']):
            ~^^^^^^^^^^^^^
KeyError: 'TechStack'
2026-05-16 20:28:55,048 | INFO | mainscript.py:61 | internshala() | Inserted processed data into jobs.db
2026-05-16 20:31:05,273 | INFO | mainscript.py:27 | <module>() | Execution started...
2026-05-16 20:31:06,195 | INFO | mainscript.py:45 | internshala() | Scraped data from page 1
2026-05-16 20:31:06,198 | ERROR | mainscript.py:53 | internshala() | Failed scraping page 1
Traceback (most recent call last):
  File "D:\intern_jobscraper\mainscript.py", line 47, in internshala
    insertRawData(raw_data)
    ~~~~~~~~~~~~~^^^^^^^^^^
  File "D:\intern_jobscraper\rawData\raw_data.py", line 35, in insertRawData
    cur.execute(
    ~~~~~~~~~~~^
        '''
        ^^^
    ...<18 lines>...
        )
        ^
    )
    ^
sqlite3.OperationalError: table JobData has no column named ScrapTime
2026-05-16 20:31:07,045 | INFO | mainscript.py:45 | internshala() | Scraped data from page 2
2026-05-16 20:31:07,046 | ERROR | mainscript.py:53 | internshala() | Failed scraping page 2
Traceback (most recent call last):
  File "D:\intern_jobscraper\mainscript.py", line 47, in internshala
    insertRawData(raw_data)
    ~~~~~~~~~~~~~^^^^^^^^^^
  File "D:\intern_jobscraper\rawData\raw_data.py", line 35, in insertRawData
    cur.execute(
    ~~~~~~~~~~~^
        '''
        ^^^
    ...<18 lines>...
        )
        ^
    )
    ^
sqlite3.OperationalError: table JobData has no column named ScrapTime
2026-05-16 20:31:07,808 | INFO | mainscript.py:45 | internshala() | Scraped data from page 3
2026-05-16 20:31:07,808 | ERROR | mainscript.py:53 | internshala() | Failed scraping page 3
Traceback (most recent call last):
  File "D:\intern_jobscraper\mainscript.py", line 47, in internshala
    insertRawData(raw_data)
    ~~~~~~~~~~~~~^^^^^^^^^^
  File "D:\intern_jobscraper\rawData\raw_data.py", line 35, in insertRawData
    cur.execute(
    ~~~~~~~~~~~^
        '''
        ^^^
    ...<18 lines>...
        )
        ^
    )
    ^
sqlite3.OperationalError: table JobData has no column named ScrapTime
2026-05-16 20:31:08,615 | INFO | mainscript.py:45 | internshala() | Scraped data from page 4
2026-05-16 20:31:08,616 | ERROR | mainscript.py:53 | internshala() | Failed scraping page 4
Traceback (most recent call last):
  File "D:\intern_jobscraper\mainscript.py", line 47, in internshala
    insertRawData(raw_data)
    ~~~~~~~~~~~~~^^^^^^^^^^
  File "D:\intern_jobscraper\rawData\raw_data.py", line 35, in insertRawData
    cur.execute(
    ~~~~~~~~~~~^
        '''
        ^^^
    ...<18 lines>...
        )
        ^
    )
    ^
sqlite3.OperationalError: table JobData has no column named ScrapTime
2026-05-16 20:31:09,623 | INFO | mainscript.py:45 | internshala() | Scraped data from page 5
2026-05-16 20:31:09,624 | ERROR | mainscript.py:53 | internshala() | Failed scraping page 5
Traceback (most recent call last):
  File "D:\intern_jobscraper\mainscript.py", line 47, in internshala
    insertRawData(raw_data)
    ~~~~~~~~~~~~~^^^^^^^^^^
  File "D:\intern_jobscraper\rawData\raw_data.py", line 35, in insertRawData
    cur.execute(
    ~~~~~~~~~~~^
        '''
        ^^^
    ...<18 lines>...
        )
        ^
    )
    ^
sqlite3.OperationalError: table JobData has no column named ScrapTime
2026-05-16 20:31:10,364 | INFO | mainscript.py:45 | internshala() | Scraped data from page 6
2026-05-16 20:31:10,365 | ERROR | mainscript.py:53 | internshala() | Failed scraping page 6
Traceback (most recent call last):
  File "D:\intern_jobscraper\mainscript.py", line 47, in internshala
    insertRawData(raw_data)
    ~~~~~~~~~~~~~^^^^^^^^^^
  File "D:\intern_jobscraper\rawData\raw_data.py", line 35, in insertRawData
    cur.execute(
    ~~~~~~~~~~~^
        '''
        ^^^
    ...<18 lines>...
        )
        ^
    )
    ^
sqlite3.OperationalError: table JobData has no column named ScrapTime
2026-05-16 20:31:11,155 | INFO | mainscript.py:45 | internshala() | Scraped data from page 7
2026-05-16 20:31:11,156 | ERROR | mainscript.py:53 | internshala() | Failed scraping page 7
Traceback (most recent call last):
  File "D:\intern_jobscraper\mainscript.py", line 47, in internshala
    insertRawData(raw_data)
    ~~~~~~~~~~~~~^^^^^^^^^^
  File "D:\intern_jobscraper\rawData\raw_data.py", line 35, in insertRawData
    cur.execute(
    ~~~~~~~~~~~^
        '''
        ^^^
    ...<18 lines>...
        )
        ^
    )
    ^
sqlite3.OperationalError: table JobData has no column named ScrapTime
2026-05-16 20:31:12,016 | INFO | mainscript.py:45 | internshala() | Scraped data from page 8
2026-05-16 20:31:12,017 | ERROR | mainscript.py:53 | internshala() | Failed scraping page 8
Traceback (most recent call last):
  File "D:\intern_jobscraper\mainscript.py", line 47, in internshala
    insertRawData(raw_data)
    ~~~~~~~~~~~~~^^^^^^^^^^
  File "D:\intern_jobscraper\rawData\raw_data.py", line 35, in insertRawData
    cur.execute(
    ~~~~~~~~~~~^
        '''
        ^^^
    ...<18 lines>...
        )
        ^
    )
    ^
sqlite3.OperationalError: table JobData has no column named ScrapTime
2026-05-16 20:31:12,840 | INFO | mainscript.py:45 | internshala() | Scraped data from page 9
2026-05-16 20:31:12,841 | ERROR | mainscript.py:53 | internshala() | Failed scraping page 9
Traceback (most recent call last):
  File "D:\intern_jobscraper\mainscript.py", line 47, in internshala
    insertRawData(raw_data)
    ~~~~~~~~~~~~~^^^^^^^^^^
  File "D:\intern_jobscraper\rawData\raw_data.py", line 35, in insertRawData
    cur.execute(
    ~~~~~~~~~~~^
        '''
        ^^^
    ...<18 lines>...
        )
        ^
    )
    ^
sqlite3.OperationalError: table JobData has no column named ScrapTime
2026-05-16 20:31:13,780 | INFO | mainscript.py:45 | internshala() | Scraped data from page 10
2026-05-16 20:31:13,781 | ERROR | mainscript.py:53 | internshala() | Failed scraping page 10
Traceback (most recent call last):
  File "D:\intern_jobscraper\mainscript.py", line 47, in internshala
    insertRawData(raw_data)
    ~~~~~~~~~~~~~^^^^^^^^^^
  File "D:\intern_jobscraper\rawData\raw_data.py", line 35, in insertRawData
    cur.execute(
    ~~~~~~~~~~~^
        '''
        ^^^
    ...<18 lines>...
        )
        ^
    )
    ^
sqlite3.OperationalError: table JobData has no column named ScrapTime
2026-05-16 20:31:14,551 | INFO | mainscript.py:45 | internshala() | Scraped data from page 11
2026-05-16 20:31:14,551 | INFO | mainscript.py:49 | internshala() | Inserted raw data into rawData.db
2026-05-16 20:31:15,449 | INFO | mainscript.py:45 | internshala() | Scraped data from page 12
2026-05-16 20:31:15,450 | INFO | mainscript.py:49 | internshala() | Inserted raw data into rawData.db
2026-05-16 20:31:16,397 | INFO | mainscript.py:45 | internshala() | Scraped data from page 13
2026-05-16 20:31:16,398 | INFO | mainscript.py:49 | internshala() | Inserted raw data into rawData.db
2026-05-16 20:31:17,231 | INFO | mainscript.py:45 | internshala() | Scraped data from page 14
2026-05-16 20:31:17,232 | INFO | mainscript.py:49 | internshala() | Inserted raw data into rawData.db
2026-05-16 20:31:17,982 | INFO | mainscript.py:45 | internshala() | Scraped data from page 15
2026-05-16 20:31:17,982 | INFO | mainscript.py:49 | internshala() | Inserted raw data into rawData.db
2026-05-16 20:31:18,735 | INFO | mainscript.py:45 | internshala() | Scraped data from page 16
2026-05-16 20:31:18,736 | INFO | mainscript.py:49 | internshala() | Inserted raw data into rawData.db
2026-05-16 20:31:19,680 | INFO | mainscript.py:45 | internshala() | Scraped data from page 17
2026-05-16 20:31:19,681 | ERROR | mainscript.py:53 | internshala() | Failed scraping page 17
Traceback (most recent call last):
  File "D:\intern_jobscraper\mainscript.py", line 47, in internshala
    insertRawData(raw_data)
    ~~~~~~~~~~~~~^^^^^^^^^^
  File "D:\intern_jobscraper\rawData\raw_data.py", line 35, in insertRawData
    cur.execute(
    ~~~~~~~~~~~^
        '''
        ^^^
    ...<18 lines>...
        )
        ^
    )
    ^
sqlite3.OperationalError: table JobData has no column named ScrapTime
2026-05-16 20:31:20,425 | INFO | mainscript.py:45 | internshala() | Scraped data from page 18
2026-05-16 20:31:20,425 | INFO | mainscript.py:49 | internshala() | Inserted raw data into rawData.db
2026-05-16 20:31:21,261 | INFO | mainscript.py:45 | internshala() | Scraped data from page 19
2026-05-16 20:31:21,262 | ERROR | mainscript.py:53 | internshala() | Failed scraping page 19
Traceback (most recent call last):
  File "D:\intern_jobscraper\mainscript.py", line 47, in internshala
    insertRawData(raw_data)
    ~~~~~~~~~~~~~^^^^^^^^^^
  File "D:\intern_jobscraper\rawData\raw_data.py", line 35, in insertRawData
    cur.execute(
    ~~~~~~~~~~~^
        '''
        ^^^
    ...<18 lines>...
        )
        ^
    )
    ^
sqlite3.OperationalError: table JobData has no column named ScrapTime
2026-05-16 20:31:22,092 | INFO | mainscript.py:45 | internshala() | Scraped data from page 20
2026-05-16 20:31:22,092 | ERROR | mainscript.py:53 | internshala() | Failed scraping page 20
Traceback (most recent call last):
  File "D:\intern_jobscraper\mainscript.py", line 47, in internshala
    insertRawData(raw_data)
    ~~~~~~~~~~~~~^^^^^^^^^^
  File "D:\intern_jobscraper\rawData\raw_data.py", line 35, in insertRawData
    cur.execute(
    ~~~~~~~~~~~^
        '''
        ^^^
    ...<18 lines>...
        )
        ^
    )
    ^
sqlite3.OperationalError: table JobData has no column named ScrapTime
2026-05-16 20:31:22,093 | INFO | mainscript.py:61 | internshala() | Inserted processed data into jobs.db
2026-05-16 20:32:55,533 | INFO | mainscript.py:27 | <module>() | Execution started...
2026-05-16 20:32:56,507 | INFO | mainscript.py:45 | internshala() | Scraped data from page 1
2026-05-16 20:32:56,516 | INFO | mainscript.py:49 | internshala() | Inserted raw data into rawData.db
2026-05-16 20:32:57,284 | INFO | mainscript.py:45 | internshala() | Scraped data from page 2
2026-05-16 20:32:57,291 | INFO | mainscript.py:49 | internshala() | Inserted raw data into rawData.db
2026-05-16 20:32:58,027 | INFO | mainscript.py:45 | internshala() | Scraped data from page 3
2026-05-16 20:32:58,036 | INFO | mainscript.py:49 | internshala() | Inserted raw data into rawData.db
2026-05-16 20:32:58,948 | INFO | mainscript.py:45 | internshala() | Scraped data from page 4
2026-05-16 20:32:58,965 | INFO | mainscript.py:49 | internshala() | Inserted raw data into rawData.db
2026-05-16 20:33:00,024 | INFO | mainscript.py:45 | internshala() | Scraped data from page 5
2026-05-16 20:33:00,032 | INFO | mainscript.py:49 | internshala() | Inserted raw data into rawData.db
2026-05-16 20:33:00,777 | INFO | mainscript.py:45 | internshala() | Scraped data from page 6
2026-05-16 20:33:00,787 | INFO | mainscript.py:49 | internshala() | Inserted raw data into rawData.db
2026-05-16 20:33:01,520 | INFO | mainscript.py:45 | internshala() | Scraped data from page 7
2026-05-16 20:33:01,530 | INFO | mainscript.py:49 | internshala() | Inserted raw data into rawData.db
2026-05-16 20:33:02,583 | INFO | mainscript.py:45 | internshala() | Scraped data from page 8
2026-05-16 20:33:02,595 | INFO | mainscript.py:49 | internshala() | Inserted raw data into rawData.db
2026-05-16 20:33:03,539 | INFO | mainscript.py:45 | internshala() | Scraped data from page 9
2026-05-16 20:33:03,550 | INFO | mainscript.py:49 | internshala() | Inserted raw data into rawData.db
2026-05-16 20:33:04,478 | INFO | mainscript.py:45 | internshala() | Scraped data from page 10
2026-05-16 20:33:04,488 | INFO | mainscript.py:49 | internshala() | Inserted raw data into rawData.db
2026-05-16 20:33:05,478 | INFO | mainscript.py:45 | internshala() | Scraped data from page 11
2026-05-16 20:33:05,479 | INFO | mainscript.py:49 | internshala() | Inserted raw data into rawData.db
2026-05-16 20:33:06,425 | INFO | mainscript.py:45 | internshala() | Scraped data from page 12
2026-05-16 20:33:06,425 | INFO | mainscript.py:49 | internshala() | Inserted raw data into rawData.db
2026-05-16 20:33:07,450 | INFO | mainscript.py:45 | internshala() | Scraped data from page 13
2026-05-16 20:33:07,451 | INFO | mainscript.py:49 | internshala() | Inserted raw data into rawData.db
2026-05-16 20:33:08,154 | INFO | mainscript.py:45 | internshala() | Scraped data from page 14
2026-05-16 20:33:08,155 | INFO | mainscript.py:49 | internshala() | Inserted raw data into rawData.db
2026-05-16 20:33:08,970 | INFO | mainscript.py:45 | internshala() | Scraped data from page 15
2026-05-16 20:33:08,970 | INFO | mainscript.py:49 | internshala() | Inserted raw data into rawData.db
2026-05-16 20:33:09,727 | INFO | mainscript.py:45 | internshala() | Scraped data from page 16
2026-05-16 20:33:09,728 | INFO | mainscript.py:49 | internshala() | Inserted raw data into rawData.db
2026-05-16 20:33:10,588 | INFO | mainscript.py:45 | internshala() | Scraped data from page 17
2026-05-16 20:33:10,595 | INFO | mainscript.py:49 | internshala() | Inserted raw data into rawData.db
2026-05-16 20:33:11,523 | INFO | mainscript.py:45 | internshala() | Scraped data from page 18
2026-05-16 20:33:11,525 | INFO | mainscript.py:49 | internshala() | Inserted raw data into rawData.db
2026-05-16 20:33:12,449 | INFO | mainscript.py:45 | internshala() | Scraped data from page 19
2026-05-16 20:33:12,455 | INFO | mainscript.py:49 | internshala() | Inserted raw data into rawData.db
2026-05-16 20:33:13,183 | INFO | mainscript.py:45 | internshala() | Scraped data from page 20
2026-05-16 20:33:13,188 | INFO | mainscript.py:49 | internshala() | Inserted raw data into rawData.db
2026-05-16 20:33:13,214 | INFO | mainscript.py:61 | internshala() | Inserted processed data into jobs.db
2026-05-16 21:09:39,582 | INFO | mainscript.py:27 | <module>() | Execution started...
2026-05-16 21:09:40,714 | INFO | mainscript.py:45 | internshala() | Scraped data from page 1
2026-05-16 21:09:40,720 | INFO | mainscript.py:49 | internshala() | Inserted raw data into rawData.db
2026-05-16 21:09:41,532 | INFO | mainscript.py:45 | internshala() | Scraped data from page 2
2026-05-16 21:09:41,539 | INFO | mainscript.py:49 | internshala() | Inserted raw data into rawData.db
2026-05-16 21:09:42,339 | INFO | mainscript.py:45 | internshala() | Scraped data from page 3
2026-05-16 21:09:42,346 | INFO | mainscript.py:49 | internshala() | Inserted raw data into rawData.db
2026-05-16 21:09:43,297 | INFO | mainscript.py:45 | internshala() | Scraped data from page 4
2026-05-16 21:09:43,304 | INFO | mainscript.py:49 | internshala() | Inserted raw data into rawData.db
2026-05-16 21:09:44,198 | INFO | mainscript.py:45 | internshala() | Scraped data from page 5
2026-05-16 21:09:44,205 | INFO | mainscript.py:49 | internshala() | Inserted raw data into rawData.db
2026-05-16 21:09:45,144 | INFO | mainscript.py:45 | internshala() | Scraped data from page 6
2026-05-16 21:09:45,156 | INFO | mainscript.py:49 | internshala() | Inserted raw data into rawData.db
2026-05-16 21:09:45,994 | INFO | mainscript.py:45 | internshala() | Scraped data from page 7
2026-05-16 21:09:46,002 | INFO | mainscript.py:49 | internshala() | Inserted raw data into rawData.db
2026-05-16 21:09:46,899 | INFO | mainscript.py:45 | internshala() | Scraped data from page 8
2026-05-16 21:09:46,907 | INFO | mainscript.py:49 | internshala() | Inserted raw data into rawData.db
2026-05-16 21:09:48,053 | INFO | mainscript.py:45 | internshala() | Scraped data from page 9
2026-05-16 21:09:48,060 | INFO | mainscript.py:49 | internshala() | Inserted raw data into rawData.db
2026-05-16 21:09:48,907 | INFO | mainscript.py:45 | internshala() | Scraped data from page 10
2026-05-16 21:09:48,915 | INFO | mainscript.py:49 | internshala() | Inserted raw data into rawData.db
2026-05-16 21:09:49,999 | INFO | mainscript.py:45 | internshala() | Scraped data from page 11
2026-05-16 21:09:50,001 | INFO | mainscript.py:49 | internshala() | Inserted raw data into rawData.db
2026-05-16 21:09:50,921 | INFO | mainscript.py:45 | internshala() | Scraped data from page 12
2026-05-16 21:09:50,922 | INFO | mainscript.py:49 | internshala() | Inserted raw data into rawData.db
2026-05-16 21:09:52,086 | INFO | mainscript.py:45 | internshala() | Scraped data from page 13
2026-05-16 21:09:52,087 | INFO | mainscript.py:49 | internshala() | Inserted raw data into rawData.db
2026-05-16 21:09:52,952 | INFO | mainscript.py:45 | internshala() | Scraped data from page 14
2026-05-16 21:09:52,953 | INFO | mainscript.py:49 | internshala() | Inserted raw data into rawData.db
2026-05-16 21:09:53,816 | INFO | mainscript.py:45 | internshala() | Scraped data from page 15
2026-05-16 21:09:53,816 | INFO | mainscript.py:49 | internshala() | Inserted raw data into rawData.db
2026-05-16 21:09:54,781 | INFO | mainscript.py:45 | internshala() | Scraped data from page 16
2026-05-16 21:09:54,782 | INFO | mainscript.py:49 | internshala() | Inserted raw data into rawData.db
2026-05-16 21:09:55,809 | INFO | mainscript.py:45 | internshala() | Scraped data from page 17
2026-05-16 21:09:55,814 | INFO | mainscript.py:49 | internshala() | Inserted raw data into rawData.db
2026-05-16 21:09:56,627 | INFO | mainscript.py:45 | internshala() | Scraped data from page 18
2026-05-16 21:09:56,628 | INFO | mainscript.py:49 | internshala() | Inserted raw data into rawData.db
2026-05-16 21:09:57,678 | INFO | mainscript.py:45 | internshala() | Scraped data from page 19
2026-05-16 21:09:57,683 | INFO | mainscript.py:49 | internshala() | Inserted raw data into rawData.db
2026-05-16 21:09:58,613 | INFO | mainscript.py:45 | internshala() | Scraped data from page 20
2026-05-16 21:09:58,617 | INFO | mainscript.py:49 | internshala() | Inserted raw data into rawData.db
2026-05-16 21:09:58,642 | INFO | mainscript.py:61 | internshala() | Inserted processed data into jobs.db
2026-05-18 23:32:36,609 | INFO | mainscript.py:27 | <module>() | Execution started...
2026-05-18 23:32:38,794 | INFO | mainscript.py:45 | internshala() | Scraped data from page 1
2026-05-18 23:32:38,811 | INFO | mainscript.py:49 | internshala() | Inserted raw data into rawData.db
2026-05-18 23:32:39,730 | INFO | mainscript.py:45 | internshala() | Scraped data from page 2
2026-05-18 23:32:39,737 | INFO | mainscript.py:49 | internshala() | Inserted raw data into rawData.db
2026-05-18 23:32:40,636 | INFO | mainscript.py:45 | internshala() | Scraped data from page 3
2026-05-18 23:32:40,643 | INFO | mainscript.py:49 | internshala() | Inserted raw data into rawData.db
2026-05-18 23:32:42,780 | INFO | mainscript.py:45 | internshala() | Scraped data from page 4
2026-05-18 23:32:42,788 | INFO | mainscript.py:49 | internshala() | Inserted raw data into rawData.db
2026-05-18 23:32:43,786 | INFO | mainscript.py:45 | internshala() | Scraped data from page 5
2026-05-18 23:32:43,792 | INFO | mainscript.py:49 | internshala() | Inserted raw data into rawData.db
2026-05-18 23:32:45,414 | INFO | mainscript.py:45 | internshala() | Scraped data from page 6
2026-05-18 23:32:45,423 | INFO | mainscript.py:49 | internshala() | Inserted raw data into rawData.db
2026-05-18 23:32:46,363 | INFO | mainscript.py:45 | internshala() | Scraped data from page 7
2026-05-18 23:32:46,371 | INFO | mainscript.py:49 | internshala() | Inserted raw data into rawData.db
2026-05-18 23:32:48,309 | INFO | mainscript.py:45 | internshala() | Scraped data from page 8
2026-05-18 23:32:48,317 | INFO | mainscript.py:49 | internshala() | Inserted raw data into rawData.db
2026-05-18 23:32:49,239 | INFO | mainscript.py:45 | internshala() | Scraped data from page 9
2026-05-18 23:32:49,249 | INFO | mainscript.py:49 | internshala() | Inserted raw data into rawData.db
2026-05-18 23:32:50,163 | INFO | mainscript.py:45 | internshala() | Scraped data from page 10
2026-05-18 23:32:50,169 | INFO | mainscript.py:49 | internshala() | Inserted raw data into rawData.db
2026-05-18 23:32:51,807 | INFO | mainscript.py:45 | internshala() | Scraped data from page 11
2026-05-18 23:32:51,809 | INFO | mainscript.py:49 | internshala() | Inserted raw data into rawData.db
2026-05-18 23:32:52,712 | INFO | mainscript.py:45 | internshala() | Scraped data from page 12
2026-05-18 23:32:52,713 | INFO | mainscript.py:49 | internshala() | Inserted raw data into rawData.db
2026-05-18 23:32:54,746 | INFO | mainscript.py:45 | internshala() | Scraped data from page 13
2026-05-18 23:32:54,748 | INFO | mainscript.py:49 | internshala() | Inserted raw data into rawData.db
2026-05-18 23:32:55,613 | INFO | mainscript.py:45 | internshala() | Scraped data from page 14
2026-05-18 23:32:55,614 | INFO | mainscript.py:49 | internshala() | Inserted raw data into rawData.db
2026-05-18 23:32:56,622 | INFO | mainscript.py:45 | internshala() | Scraped data from page 15
2026-05-18 23:32:56,622 | INFO | mainscript.py:49 | internshala() | Inserted raw data into rawData.db
2026-05-18 23:32:58,380 | INFO | mainscript.py:45 | internshala() | Scraped data from page 16
2026-05-18 23:32:58,381 | INFO | mainscript.py:49 | internshala() | Inserted raw data into rawData.db
2026-05-18 23:32:59,482 | INFO | mainscript.py:45 | internshala() | Scraped data from page 17
2026-05-18 23:32:59,487 | INFO | mainscript.py:49 | internshala() | Inserted raw data into rawData.db
2026-05-18 23:33:01,167 | INFO | mainscript.py:45 | internshala() | Scraped data from page 18
2026-05-18 23:33:01,169 | INFO | mainscript.py:49 | internshala() | Inserted raw data into rawData.db
2026-05-18 23:33:02,071 | INFO | mainscript.py:45 | internshala() | Scraped data from page 19
2026-05-18 23:33:02,076 | INFO | mainscript.py:49 | internshala() | Inserted raw data into rawData.db
2026-05-18 23:33:04,364 | INFO | mainscript.py:45 | internshala() | Scraped data from page 20
2026-05-18 23:33:04,371 | INFO | mainscript.py:49 | internshala() | Inserted raw data into rawData.db
2026-05-18 23:33:04,418 | INFO | mainscript.py:61 | internshala() | Inserted processed data into jobs.db
2026-05-20 18:43:28,529 | INFO | mainscript.py:27 | <module>() | Execution started...
2026-05-20 18:43:29,874 | INFO | mainscript.py:45 | internshala() | Scraped data from page 1
2026-05-20 18:43:29,895 | INFO | mainscript.py:49 | internshala() | Inserted raw data into rawData.db
2026-05-20 18:43:30,926 | INFO | mainscript.py:45 | internshala() | Scraped data from page 2
2026-05-20 18:43:30,935 | INFO | mainscript.py:49 | internshala() | Inserted raw data into rawData.db
2026-05-20 18:43:32,780 | INFO | mainscript.py:45 | internshala() | Scraped data from page 3
2026-05-20 18:43:32,789 | INFO | mainscript.py:49 | internshala() | Inserted raw data into rawData.db
2026-05-20 18:43:36,916 | INFO | mainscript.py:45 | internshala() | Scraped data from page 4
2026-05-20 18:43:36,926 | INFO | mainscript.py:49 | internshala() | Inserted raw data into rawData.db
2026-05-20 18:43:40,354 | INFO | mainscript.py:45 | internshala() | Scraped data from page 5
2026-05-20 18:43:40,363 | INFO | mainscript.py:49 | internshala() | Inserted raw data into rawData.db
2026-05-20 18:43:41,448 | INFO | mainscript.py:45 | internshala() | Scraped data from page 6
2026-05-20 18:43:41,457 | INFO | mainscript.py:49 | internshala() | Inserted raw data into rawData.db
2026-05-20 18:43:42,428 | INFO | mainscript.py:45 | internshala() | Scraped data from page 7
2026-05-20 18:43:42,436 | INFO | mainscript.py:49 | internshala() | Inserted raw data into rawData.db
2026-05-20 18:43:43,754 | INFO | mainscript.py:45 | internshala() | Scraped data from page 8
2026-05-20 18:43:43,761 | INFO | mainscript.py:49 | internshala() | Inserted raw data into rawData.db
2026-05-20 18:43:44,837 | INFO | mainscript.py:45 | internshala() | Scraped data from page 9
2026-05-20 18:43:44,846 | INFO | mainscript.py:49 | internshala() | Inserted raw data into rawData.db
2026-05-20 18:43:45,882 | INFO | mainscript.py:45 | internshala() | Scraped data from page 10
2026-05-20 18:43:45,888 | INFO | mainscript.py:49 | internshala() | Inserted raw data into rawData.db
2026-05-20 18:43:46,814 | INFO | mainscript.py:45 | internshala() | Scraped data from page 11
2026-05-20 18:43:46,815 | INFO | mainscript.py:49 | internshala() | Inserted raw data into rawData.db
2026-05-20 18:43:48,214 | INFO | mainscript.py:45 | internshala() | Scraped data from page 12
2026-05-20 18:43:48,215 | INFO | mainscript.py:49 | internshala() | Inserted raw data into rawData.db
2026-05-20 18:43:51,495 | INFO | mainscript.py:45 | internshala() | Scraped data from page 13
2026-05-20 18:43:51,495 | INFO | mainscript.py:49 | internshala() | Inserted raw data into rawData.db
2026-05-20 18:43:53,865 | INFO | mainscript.py:45 | internshala() | Scraped data from page 14
2026-05-20 18:43:53,866 | INFO | mainscript.py:49 | internshala() | Inserted raw data into rawData.db
2026-05-20 18:43:56,637 | INFO | mainscript.py:45 | internshala() | Scraped data from page 15
2026-05-20 18:43:56,638 | INFO | mainscript.py:49 | internshala() | Inserted raw data into rawData.db
2026-05-20 18:43:57,664 | INFO | mainscript.py:45 | internshala() | Scraped data from page 16
2026-05-20 18:43:57,664 | INFO | mainscript.py:49 | internshala() | Inserted raw data into rawData.db
2026-05-20 18:43:58,762 | INFO | mainscript.py:45 | internshala() | Scraped data from page 17
2026-05-20 18:43:58,767 | INFO | mainscript.py:49 | internshala() | Inserted raw data into rawData.db
2026-05-20 18:43:59,705 | INFO | mainscript.py:45 | internshala() | Scraped data from page 18
2026-05-20 18:43:59,712 | INFO | mainscript.py:49 | internshala() | Inserted raw data into rawData.db
2026-05-20 18:44:00,651 | INFO | mainscript.py:45 | internshala() | Scraped data from page 19
2026-05-20 18:44:00,660 | INFO | mainscript.py:49 | internshala() | Inserted raw data into rawData.db
2026-05-20 18:44:02,091 | INFO | mainscript.py:45 | internshala() | Scraped data from page 20
2026-05-20 18:44:02,097 | INFO | mainscript.py:49 | internshala() | Inserted raw data into rawData.db
2026-05-20 18:44:02,154 | INFO | mainscript.py:61 | internshala() | Inserted processed data into jobs.db
